chinese_name,english_name,country
北京大学,Peking University,China
中国人民大学,Renmin University of China,China
清华大学,Tsinghua University,China
北京交通大学,Beijing Jiaotong University,China
北京工业大学,Beijing University of Technology,China
北京航空航天大学,Beihang University,China
北京理工大学,Beijing Institute of Technology,China
北京科技大学,University of Science and Technology Beijing,China
北方工业大学,North China University of Technology,China
北京化工大学,Beijing University of Chemical Technology,China
北京工商大学,Beijing Technology and Business University,China
北京服装学院,Beijing Institute of Fashion Technology,China
北京邮电大学,Beijing University of Posts and Telecommunications,China
北京印刷学院,Beijing Institute of Graphic Communication,China
北京建筑大学,Beijing University of Civil Engineering and Architecture,China
北京石油化工学院,Beijing Institute of Petrochemical Technology,China
北京电子科技学院,Beijing Electronic Science and Technology Institute,China
中国农业大学,China Agricultural University,China
北京农学院,Beijing University of Agriculture,China
北京林业大学,Beijing Forestry University,China
北京协和医学院,Peking Union Medical College,China
首都医科大学,Capital Medical University,China
北京中医药大学,Beijing University of Chinese Medicine,China
北京师范大学,Beijing Normal University,China
首都师范大学,Capital Normal University,China
首都体育学院,Capital University of Physical Education and Sports,China
北京外国语大学,Beijing Foreign Studies University,China
北京第二外国语学院,Beijing International Studies University,China
北京语言大学,Beijing Language and Culture University,China
中国传媒大学,Communication University of China,China
中央财经大学,Central University of Finance and Economics,China
对外经济贸易大学,University of International Business and Economics,China
北京物资学院,Beijing Materials University,China
首都经济贸易大学,Capital University of Economics and Business,China
中国消防救援学院,,China
外交学院,China Foreign Affairs University,China
中国人民公安大学,Chinese People's Public Security University,China
国际关系学院,University of International Relations,China
北京体育大学,Beijing Sport University,China
中央音乐学院,Central Conservatory of Music,China
中国音乐学院,China Conservatory of Music,China
中央美术学院,Central Academy of Fine Arts,China
中央戏剧学院,Central Academy of Drama,China
中国戏曲学院,National Academy of Chinese Theatre Arts,China
北京电影学院,Beijing Film Academy,China
北京舞蹈学院,Beijing Dance Academy,China
中央民族大学,Minzu University of China,China
中国政法大学,China University of Political Science and Law,China
华北电力大学,North China Electric Power University,China
中华女子学院,China Women's University,China
北京信息科技大学,Beijing Information Science and Technology University,China
中国矿业大学（北京）,China University of Mining and Technology (Beijing),China
中国石油大学（北京）,China University of Petroleum (Beijing),China
中国地质大学（北京）,China University of Geosciences (Beijing),China
北京联合大学,Beijing Union University,China
北京城市学院,Beijing City University,China
中国青年政治学院,China Youth University for Political Sciences,China
首钢工学院,Shougang Institute of Technology,China
中国劳动关系学院,China Institute of Industrial Relations,China
首都师范大学科德学院,"Kede College, Capital Normal University",China
北京金融科技学院,,China
北京邮电大学世纪学院,"Century College, Beijing University of Posts and Telecommunications",China
北京工业大学耿丹学院,"Gengdan Institute, Beijing University of Technology",China
北京警察学院,Beijing People's Police College,China
北京第二外国语学院中瑞酒店管理学院,"Beijing Hospitality Institute, Beijing International Studies University",China
中国科学院大学,University of Chinese Academy of Sciences,China
中国社会科学院大学,University of Chinese Academy of Social Sciences,China
民政职业大学,,China
北京科技职业大学,,China
北京工业职业技术学院,,China
北京信息职业技术学院,,China
北京京北职业技术学院,,China
北京交通职业技术学院,,China
北京青年政治学院,,China
北京农业职业学院,,China
北京政法职业学院,,China
北京财贸职业学院,,China
北京北大方正软件职业技术学院,,China
北京经贸职业学院,,China
北京经济技术职业学院,,China
北京戏曲艺术职业学院,,China
北京汇佳职业学院,,China
北京科技经营管理学院,,China
北京科技职业学院,,China
北京培黎职业学院,,China
北京经济管理职业学院,,China
北京劳动保障职业学院,,China
北京艺术传媒职业学院,,China
北京体育职业学院,,China
北京交通运输职业学院,,China
北京卫生职业学院,,China
北京网络职业学院,,China
南开大学,Nankai University,China
天津大学,Tianjin University,China
天津科技大学,Tianjin University of Science and Technology,China
天津工业大学,Tianjin Polytechnic University,China
中国民航大学,Civil Aviation University of China,China
天津理工大学,Tianjin University of Technology,China
天津农学院,Tianjin Agricultural University,China
天津医科大学,Tianjin Medical University,China
天津中医药大学,Tianjin University of Traditional Chinese Medicine,China
天津师范大学,Tianjin Normal University,China
天津职业技术师范大学,Tianjin University of Technology and Education,China
天津外国语大学,Tianjin Foreign Studies University,China
天津商业大学,Tianjin University of Commerce,China
天津财经大学,Tianjin University of Finance and Economics,China
天津体育学院,Tianjin University of Sport,China
天津音乐学院,Tianjin Conservatory of Music,China
天津美术学院,Tianjin Academy of Fine Arts,China
天津城建大学,Tianjin Chengjian University,China
天津天狮学院,Tianshi College,China
天津中德应用技术大学,Tianjin Sino-German University of Applied Sciences,China
天津外国语大学滨海外事学院,"Binhai School of Foreign Affairs, Tianjin Foreign Studies University",China
天津传媒学院,,China
天津商业大学宝德学院,"Boustead College, Tianjin University of Commerce",China
天津医科大学临床医学院,"Clinical Medical College, Tianjin Medical University",China
南开大学滨海学院,"Binhai College, Nankai University",China
天津师范大学津沽学院,"Jingu College, Tianjin Normal University",China
天津理工大学中环信息学院,"Zhonghuan Information College, Tianjin University of Technology",China
北京科技大学天津学院,"Tianjin College, University of Science and Technology Beijing",China
天津仁爱学院,,China
天津财经大学珠江学院,"Pearl River College, Tianjin University of Finance and Economics",China
天津警察学院,,China
天津市职业大学,,China
天津滨海职业学院,,China
天津工程职业技术学院,,China
天津渤海职业技术学院,,China
天津电子信息职业技术学院,,China
天津机电职业技术学院,,China
天津现代职业技术学院,,China
天津轻工职业技术学院,,China
天津商务职业学院,,China
天津国土资源和房屋职业学院,,China
天津医学高等专科学校,,China
天津开发区职业技术学院,,China
天津艺术职业学院,,China
天津交通职业学院,,China
天津工业职业学院,,China
天津石油职业技术学院,,China
天津城市职业学院,,China
天津铁道职业技术学院,,China
天津工艺美术职业学院,,China
天津城市建设管理职业技术学院,,China
天津生物工程职业技术学院,,China
天津海运职业学院,,China
天津广播影视职业学院,,China
天津体育职业学院,,China
天津滨海汽车工程职业学院,,China
河北大学,Hebei University,China
河北工程大学,Hebei University of Engineering,China
河北地质大学,Hebei GEO University,China
河北工业大学,Hebei University of Technology,China
华北理工大学,North China University of Science and Technology,China
河北科技大学,Hebei University of Science and Technology,China
河北建筑工程学院,Hebei University of Architecture,China
河北水利电力学院,Hebei University of Water Resources and Electric Engineering,China
河北农业大学,Hebei Agricultural University,China
河北医科大学,Hebei Medical University,China
河北北方学院,Hebei North University,China
承德医学院,Chengde Medical University,China
河北师范大学,Hebei Normal University,China
保定学院,Baoding University,China
河北民族师范学院,Hebei Normal University for Nationalities,China
唐山师范学院,Tangshan Normal University,China
廊坊师范学院,Langfang Teachers University,China
衡水学院,Hengshui University,China
石家庄学院,Shijiazhuang University,China
邯郸学院,Handan College,China
邢台学院,Xingtai University,China
沧州师范学院,Cangzhou Normal University,China
石家庄铁道大学,Shijiazhuang Tiedao University,China
燕山大学,Yanshan University,China
河北科技师范学院,Hebei Normal University of Science and Technology,China
唐山学院,Tangshan University,China
华北科技学院,North China Institute of Science and Technology,China
中国人民警察大学,,China
河北体育学院,Hebei Institute of Physical Education,China
河北金融学院,Hebei Finance University,China
北华航天工业学院,North China Institute of Aerospace Engineering,China
防灾科技学院,Institute of Disaster Prevention,China
河北经贸大学,Hebei University of Economics and Business,China
中央司法警官学院,Central Institute for Correctional Police,China
河北传媒学院,Hebei Institute of Communications,China
河北工程技术学院,Hebei Polytechnic Institute,China
河北美术学院,Hebei Academy of Fine Arts,China
河北科技学院,Hebei College of Science and Technology,China
河北外国语学院,Hebei Foreign Studies University,China
河北大学工商学院,"Industrial and Commercial College, Hebei University",China
华北理工大学轻工学院,"College of Light Industry, North China University of Science and Technology",China
河北工业职业技术大学,,China
河北师范大学汇华学院,"Huihua College, Hebei Normal University",China
河北经贸大学经济管理学院,"College of Economics and Management, Hebei University of Economics and Business",China
河北医科大学临床学院,"Clinical College, Hebei Medical University",China
河北科技工程职业技术大学,,China
河北工程大学科信学院,"Kexin College, Hebei University of Engineering",China
河北石油职业技术大学,,China
燕山大学里仁学院,"Liren College, Yanshan University",China
石家庄铁道大学四方学院,"Sifang College, Shijiazhuang Tiedao University",China
河北地质大学华信学院,"Huaxin College, Hebei GEO University",China
河北农业大学现代科技学院,"College of Modern Science and Technology, Hebei Agricultural University",China
华北理工大学冀唐学院,"Jitang College, North China University of Science and Technology",China
保定理工学院,,China
燕京理工学院,Yanching Institute of Technology,China
北京中医药大学东方学院,"Dongfang College, Beijing University of Chinese Medicine",China
沧州交通学院,,China
河北东方学院,,China
河北中医药大学,,China
张家口学院,Zhangjiakou University,China
河北环境工程学院,Hebei University of Environmental Engineering,China
唐山工业职业技术大学,,China
邢台医学院,,China
邯郸职业技术学院,,China
石家庄职业技术学院,,China
张家口职业技术学院,,China
河北软件职业技术学院,,China
河北石油职业技术学院,,China
河北建材职业技术学院,,China
河北政法职业学院,,China
沧州职业技术学院,,China
河北能源职业技术学院,,China
石家庄铁路职业技术学院,,China
保定职业技术学院,,China
秦皇岛职业技术学院,,China
石家庄工程职业学院,,China
石家庄城市经济职业学院,,China
唐山职业技术学院,,China
衡水职业技术学院,,China
河北艺术职业学院,,China
河北旅游职业学院,,China
石家庄财经职业学院,,China
河北交通职业技术学院,,China
河北化工医药职业技术学院,,China
石家庄信息工程职业学院,,China
河北对外经贸职业学院,,China
保定电力职业技术学院,,China
河北机电职业技术学院,,China
渤海石油职业学院,,China
廊坊职业技术学院,,China
唐山科技职业技术学院,,China
石家庄邮电职业技术学院,,China
河北公安警察职业学院,,China
石家庄工商职业学院,,China
石家庄理工职业学院,,China
石家庄科技信息职业学院,,China
河北司法警官职业学院,,China
沧州医学高等专科学校,,China
河北女子职业技术学院,,China
石家庄医学高等专科学校,,China
石家庄经济职业学院,,China
冀中职业学院,,China
石家庄人民医学高等专科学校,,China
河北正定师范高等专科学校,,China
河北劳动关系职业学院,,China
石家庄科技职业学院,,China
沧州幼儿师范高等专科学校,,China
宣化科技职业学院,,China
廊坊燕京职业技术学院,,China
承德护理职业学院,,China
石家庄幼儿师范高等专科学校,,China
廊坊卫生职业学院,,China
河北轨道运输职业技术学院,,China
保定幼儿师范高等专科学校,,China
河北工艺美术职业学院,,China
渤海理工职业学院,,China
唐山幼儿师范高等专科学校,,China
曹妃甸职业技术学院,,China
承德应用技术职业学院,,China
邯郸幼儿师范高等专科学校,,China
邯郸科技职业学院,,China
唐山海运职业学院,,China
邢台应用技术职业学院,,China
河北资源环境职业技术学院,,China
衡水健康科技职业学院,,China
沧州航空职业学院,,China
邯郸应用技术职业学院,,China
秦皇岛工业职业技术学院,,China
邢台新能源职业学院,,China
石家庄金融职业学院,,China
石家庄农林职业学院,,China
山西大学,,China
太原科技大学,,China
中北大学,,China
太原理工大学,,China
山西农业大学,,China
山西医科大学,,China
长治医学院,,China
山西师范大学,,China
太原师范学院,,China
山西大同大学,,China
晋中学院,,China
长治学院,,China
运城学院,,China
忻州师范学院,,China
山西财经大学,,China
山西中医药大学,,China
吕梁学院,,China
太原学院,,China
山西警察学院,,China
山西应用科技学院,,China
山西工程科技职业大学,,China
山西工学院,,China
晋中信息学院,,China
山西电子科技学院,,China
山西晋中理工学院,,China
山西科技学院,,China
晋中健康学院,,China
山西财经大学华商学院,,China
山西工商学院,,China
太原工业学院,,China
运城职业技术大学,,China
山西传媒学院,,China
山西工程技术学院,,China
山西能源学院,,China
山西医药学院,,China
山西文化旅游职业大学,,China
山西省财政税务专科学校,,China
长治职业技术学院,,China
晋城职业技术学院,,China
山西药科职业学院,,China
大同煤炭职业技术学院,,China
山西机电职业技术学院,,China
山西财贸职业技术学院,,China
山西林业职业技术学院,,China
山西水利职业技术学院,,China
阳泉职业技术学院,,China
临汾职业技术学院,,China
山西职业技术学院,,China
山西金融职业学院,,China
太原城市职业技术学院,,China
山西信息职业技术学院,,China
山西体育职业学院,,China
山西警官职业学院,,China
山西国际商务职业学院,,China
潞安职业技术学院,,China
山西管理职业学院,,China
山西电力职业技术学院,,China
忻州职业技术学院,,China
山西同文职业技术学院,,China
晋中职业技术学院,,China
山西华澳商贸职业学院,,China
山西运城农业职业技术学院,,China
运城幼儿师范高等专科学校,,China
山西老区职业技术学院,,China
山西经贸职业学院,,China
朔州职业技术学院,,China
山西铁道职业技术学院,,China
晋中师范高等专科学校,,China
阳泉师范高等专科学校,,China
运城护理职业学院,,China
运城师范高等专科学校,,China
朔州师范高等专科学校,,China
吕梁职业技术学院,,China
大同师范高等专科学校,,China
太原幼儿师范高等专科学校,,China
山西工程职业学院,,China
长治幼儿师范高等专科学校,,China
山西通用航空职业技术学院,,China
朔州陶瓷职业技术学院,,China
山西卫生健康职业学院,,China
吕梁师范高等专科学校,,China
大同数据科技职业学院,,China
内蒙古大学,Inner Mongolia University,China
内蒙古科技大学,Inner Mongolia University of Science and Technology,China
内蒙古工业大学,Inner Mongolia University of Technology,China
内蒙古农业大学,Inner Mongolia Agricultural University,China
内蒙古医科大学,Inner Mongolia Medical University,China
内蒙古师范大学,Inner Mongolia Normal University,China
内蒙古民族大学,Inner Mongolia University for Nationalities,China
赤峰学院,Chifeng University,China
内蒙古财经大学,Inner Mongolia University of Finance and Economics,China
呼伦贝尔学院,Hulunbuir College,China
集宁师范学院,Jining Normal University,China
河套学院,Hetao College,China
呼和浩特民族学院,,China
内蒙古大学创业学院,"Pioneer College, Inner Mongolia University",China
内蒙古鸿德文理学院,,China
内蒙古艺术学院,Inner Mongolia University of Arts,China
鄂尔多斯应用技术学院,Ordos Institute of Technology,China
内蒙古警察学院,,China
内蒙古建筑职业技术大学,,China
兴安职业技术大学,,China
呼和浩特职业技术大学,,China
内蒙古丰州职业学院,,China
包头职业技术学院,,China
包头轻工职业技术学院,,China
内蒙古电子信息职业技术学院,,China
内蒙古机电职业技术学院,,China
内蒙古化工职业学院,,China
内蒙古商贸职业学院,,China
锡林郭勒职业学院,,China
内蒙古体育职业学院,,China
乌兰察布职业学院,,China
通辽职业学院,,China
科尔沁艺术职业学院,,China
内蒙古交通职业技术学院,,China
包头钢铁职业技术学院,,China
乌海职业技术学院,,China
内蒙古科技职业学院,,China
内蒙古北方职业技术学院,,China
赤峰职业技术学院,,China
内蒙古经贸外语职业学院,,China
包头铁道职业技术学院,,China
乌兰察布医学高等专科学校,,China
鄂尔多斯职业学院,,China
内蒙古工业职业学院,,China
呼伦贝尔职业技术学院,,China
满洲里俄语职业学院,,China
内蒙古能源职业学院,,China
赤峰工业职业技术学院,,China
阿拉善职业技术学院,,China
内蒙古美术职业学院,,China
内蒙古民族幼儿师范高等专科学校,,China
鄂尔多斯生态环境职业学院,,China
扎兰屯职业学院,,China
赤峰应用技术职业学院,,China
辽宁大学,Liaoning University,China
大连理工大学,Dalian University of Technology,China
沈阳工业大学,Shenyang University of Technology,China
沈阳航空航天大学,Shenyang Aerospace University,China
沈阳理工大学,Shenyang Ligong University,China
东北大学,Northeastern University,China
辽宁科技大学,University of Science and Technology Liaoning,China
辽宁工程技术大学,Liaoning Technical University,China
辽宁石油化工大学,Liaoning University of Petroleum and Chemical Technology,China
沈阳化工大学,Shenyang University of Chemical Technology,China
大连交通大学,Dalian Jiaotong University,China
大连海事大学,Dalian Maritime University,China
大连工业大学,Dalian Polytechnic University,China
沈阳建筑大学,Shenyang Jianzhu University,China
辽宁工业大学,Liaoning University of Technology,China
沈阳农业大学,Shenyang Agricultural University,China
大连海洋大学,Dalian Ocean University,China
中国医科大学,China Medical University,China
锦州医科大学,Jinzhou Medical University,China
大连医科大学,Dalian Medical University,China
辽宁中医药大学,Liaoning University of Traditional Chinese Medicine,China
沈阳药科大学,Shenyang Pharmaceutical University,China
沈阳医学院,Shenyang Medical College,China
辽宁师范大学,Liaoning Normal University,China
沈阳师范大学,Shenyang Normal University,China
渤海大学,Bohai University,China
鞍山师范学院,,China
大连外国语大学,Dalian University of Foreign Languages,China
东北财经大学,Dongbei University of Finance and Economics,China
中国刑事警察学院,Criminal Investigation Police University of China,China
沈阳体育学院,Shenyang Sport University,China
沈阳音乐学院,Shenyang Conservatory of Music,China
鲁迅美术学院,Lu Xun Academy of Fine Arts,China
辽宁对外经贸学院,,China
沈阳大学,Shenyang University,China
大连大学,Dalian University,China
辽宁科技学院,Liaoning Institute of Science and Technology,China
辽宁警察学院,Liaoning Police College,China
沈阳工程学院,Shenyang Institute of Engineering,China
辽东学院,Eastern Liaoning University,China
大连民族大学,Dalian Minzu University,China
辽宁理工职业大学,,China
大连理工大学城市学院,,China
沈阳工业大学工程学院,,China
沈阳航空航天大学北方科技学院,,China
沈阳工学院,Shenyang Institute of Technology,China
大连工业大学艺术与信息工程学院,,China
大连科技学院,Dalian Institute of Science and Technology,China
沈阳城市建设学院,Shenyang Urban Construction University,China
大连医科大学中山学院,,China
锦州医科大学医疗学院,,China
辽宁师范大学海华学院,"Haihua College, Liaoning Normal University",China
辽宁理工学院,,China
大连财经学院,,China
沈阳城市学院,,China
大连艺术学院,,China
辽宁中医药大学杏林学院,,China
辽宁何氏医学院,He University,China
沈阳科技学院,,China
大连东软信息学院,Dalian Neusoft University of Information,China
辽宁财贸学院,Liaoning Finance and Trade College,China
辽宁传媒学院,,China
营口理工学院,Yingkou Institute of Technology,China
朝阳师范学院,,China
抚顺师范高等专科学校,,China
锦州师范高等专科学校,,China
营口职业技术学院,,China
铁岭师范高等专科学校,,China
大连职业技术学院,,China
辽宁农业职业技术学院,,China
抚顺职业技术学院,,China
辽阳职业技术学院,,China
阜新高等专科学校,,China
辽宁省交通高等专科学校,,China
辽宁税务高等专科学校,,China
盘锦职业技术学院,,China
沈阳航空职业技术学院,,China
辽宁体育运动职业技术学院,,China
辽宁职业学院,,China
辽宁生态工程职业学院,,China
沈阳职业技术学院,,China
大连商务职业学院,,China
辽宁金融职业学院,,China
辽宁轨道交通职业学院,,China
辽宁广告职业学院,,China
辽宁机电职业技术学院,,China
辽宁经济职业技术学院,,China
辽宁石化职业技术学院,,China
渤海船舶职业学院,,China
大连软件职业学院,,China
大连翻译职业学院,,China
辽宁商贸职业学院,,China
大连枫叶职业技术学院,,China
辽宁装备制造职业技术学院,,China
辽河石油职业技术学院,,China
辽宁地质工程职业学院,,China
辽宁铁道职业技术学院,,China
辽宁建筑职业学院,,China
大连航运职业技术学院,,China
大连装备制造职业技术学院,,China
大连汽车职业技术学院,,China
辽宁现代服务职业技术学院,,China
辽宁冶金职业技术学院,,China
辽宁工程职业学院,,China
辽宁城市建设职业技术学院,,China
辽宁医药职业学院,,China
铁岭卫生职业学院,,China
沈阳北软信息职业技术学院,,China
辽宁政法职业学院,,China
辽宁民族师范高等专科学校,,China
辽宁轻工职业学院,,China
辽宁特殊教育师范高等专科学校,,China
辽宁师范高等专科学校,,China
鞍山职业技术学院,,China
吉林大学,Jilin University,China
延边大学,Yanbian University,China
长春理工大学,Changchun University of Science and Technology,China
东北电力大学,Northeast Electric Power University,China
长春工业大学,Changchun University of Technology,China
吉林建筑大学,Jilin Jianzhu University (JLJU),China
吉林化工大学,,China
吉林农业大学,Jilin Agricultural University,China
长春中医药大学,Changchun University of Chinese Medicine,China
东北师范大学,Northeast Normal University,China
北华大学,Beihua University,China
通化师范学院,Tonghua Normal University,China
吉林师范大学,Jilin Normal University,China
吉林工程技术师范学院,,China
长春师范大学,Changchun Normal University,China
白城师范学院,Baicheng Normal University,China
吉林财经大学,,China
吉林体育学院,Jilin Sport University,China
吉林艺术学院,Jilin University of Arts,China
吉林外国语大学,Jilin University of Foreign Languages,China
吉林工商学院,Jilin Business and Technology College,China
长春工程学院,Changchun Institute of Technology,China
吉林农业科技学院,,China
吉林警察学院,,China
长春大学,Changchun University,China
长春光华学院,Changchun Guanghua University,China
长春工业大学人文信息学院,,China
长春电子科技学院,,China
长春财经学院,,China
吉林建筑科技学院,,China
长春建筑学院,,China
长春科技学院,,China
吉林动画学院,,China
吉林师范大学博达学院,,China
长春大学旅游学院,,China
长春人文学院,,China
吉林医药学院,Jinlin Medical University,China
长春汽车职业技术大学,,China
长春职业技术大学,,China
吉林铁道职业技术大学,,China
长春师范高等专科学校,,China
辽源职业技术学院,,China
四平职业大学,,China
长春金融高等专科学校,,China
长春医学高等专科学校,,China
吉林交通职业技术学院,,China
长春东方职业学院,,China
吉林司法警官职业学院,,China
吉林电子信息职业技术学院,,China
吉林工业职业技术学院,,China
吉林工程职业学院,,China
白城医学高等专科学校,,China
长春信息技术职业学院,,China
松原职业技术学院,,China
白城职业技术学院,,China
长白山职业技术学院,,China
吉林科技职业技术学院,,China
延边职业技术学院,,China
吉林城市职业技术学院,,China
吉林职业技术学院,,China
吉林水利电力职业学院,,China
长春健康职业学院,,China
长春早期教育职业学院,,China
梅河口康美职业技术学院,,China
吉林通用航空职业技术学院,,China
通化医药健康职业学院,,China
长春数字科技职业学院,,China
四平现代职业学院,,China
黑龙江大学,Heilongjiang University,China
哈尔滨工业大学,Harbin Institute of Technology,China
哈尔滨理工大学,Harbin University of Science and Technology,China
哈尔滨工程大学,Harbin Engineering University,China
黑龙江科技大学,,China
东北石油大学,Northeast Petroleum University,China
佳木斯大学,Jiamusi University,China
黑龙江八一农垦大学,Heilongjiang Bayi Agricultural University,China
东北农业大学,Northeast Agricultural University,China
东北林业大学,Northeast Forestry University,China
哈尔滨医科大学,Harbin Medical University,China
黑龙江中医药大学,Heilongjiang University of Chinese Medicine,China
牡丹江医科大学,,China
哈尔滨师范大学,Harbin Normal University,China
齐齐哈尔大学,Qiqihar University,China
牡丹江师范学院,Mudanjiang Normal University,China
哈尔滨学院,Harbin University,China
大庆师范学院,Daqing Normal University,China
绥化学院,Suihua University,China
哈尔滨商业大学,Harbin University of Commerce,China
哈尔滨体育学院,Harbin Sport University,China
哈尔滨金融学院,Harbin Finance University,China
齐齐哈尔医学院,Qiqihar Medical University,China
黑龙江工业学院,Heilongjiang University of Technology,China
黑龙江东方学院,East University of Heilongjiang,China
哈尔滨信息工程学院,,China
黑龙江工程学院,Heilongjiang Institute of Technology,China
齐齐哈尔工程学院,Qiqihar Institute of Technology,China
黑龙江外国语学院,Heilongjiang International University,China
黑龙江财经学院,Heilongjiang University of Finance and Economic,China
哈尔滨石油学院,Harbin Institute of Petroleum,China
黑龙江工商学院,,China
哈尔滨远东理工学院,,China
哈尔滨剑桥学院,Harbin Cambridge University,China
黑龙江工程学院昆仑旅游学院,"Kunlun Tourism College, Heilongjiang Institute of Technology",China
哈尔滨广厦学院,Harbin Guangsha College,China
哈尔滨华德学院,Harbin Huade University,China
黑河学院,Heihe University,China
哈尔滨音乐学院,Harbin Conservatory of Music,China
哈尔滨职业技术大学,,China
齐齐哈尔高等师范专科学校,,China
伊春职业学院,,China
牡丹江大学,,China
黑龙江职业学院,,China
黑龙江建筑职业技术学院,,China
黑龙江艺术职业学院,,China
大庆职业学院,,China
黑龙江林业职业技术学院,,China
黑龙江农业职业技术学院,,China
黑龙江农业工程职业学院,,China
黑龙江农垦职业学院,,China
黑龙江司法警官职业学院,,China
鹤岗师范高等专科学校,,China
哈尔滨电力职业技术学院,,China
哈尔滨铁道职业技术学院,,China
大兴安岭职业学院,,China
黑龙江农业经济职业学院,,China
哈尔滨传媒职业学院,,China
黑龙江商业职业学院,,China
黑龙江公安警官职业学院,,China
哈尔滨城市职业学院,,China
黑龙江旅游职业技术学院,,China
黑龙江三江美术职业学院,,China
黑龙江生态工程职业学院,,China
黑龙江能源职业学院,,China
七台河职业学院,,China
黑龙江民族职业学院,,China
大庆医学高等专科学校,,China
黑龙江交通职业技术学院,,China
哈尔滨应用职业技术学院,,China
黑龙江幼儿师范高等专科学校,,China
哈尔滨科学技术职业学院,,China
佳木斯职业学院,,China
黑龙江护理高等专科学校,,China
齐齐哈尔理工职业学院,,China
哈尔滨幼儿师范高等专科学校,,China
黑龙江冰雪体育职业学院,,China
哈尔滨北方航空职业技术学院,,China
哈尔滨商贸职业学院,,China
齐齐哈尔立德健康职业学院,,China
复旦大学,Fudan University,China
同济大学,Tongji University,China
上海交通大学,Shanghai Jiao Tong University,China
华东理工大学,East China University of Science and Technology,China
上海理工大学,University of Shanghai for Science and Technology,China
上海海事大学,Shanghai Maritime University,China
东华大学,Donghua University,China
上海电力大学,,China
上海应用技术大学,,China
上海健康医学院,Shanghai University of Medicine & Health Sciences,China
上海海洋大学,Shanghai Ocean University,China
上海中医药大学,Shanghai University of Traditional Chinese Medicine,China
华东师范大学,East China Normal University,China
上海师范大学,Shanghai Normal University,China
上海外国语大学,Shanghai International Studies University,China
上海财经大学,Shanghai University of Finance and Economics,China
上海对外经贸大学,Shanghai University of International Business and Economics,China
上海海关学院,Shanghai Customs College,China
华东政法大学,East China University of Political Science and Law,China
上海体育大学,,China
上海音乐学院,Shanghai Conservatory of Music,China
上海戏剧学院,Shanghai Theatre Academy,China
上海大学,Shanghai University,China
上海公安学院,,China
上海工程技术大学,Shanghai University of Engineering Science,China
上海立信会计金融学院,Shanghai Lixin University of Accounting and Finance,China
上海电机学院,,China
上海杉达学院,Sanda University,China
上海政法学院,Shanghai University of Political Science and Law,China
上海第二工业大学,Shanghai Second Polytechnic University,China
上海商学院,Shanghai Business School,China
上海立达学院,,China
上海建桥学院,Shanghai Jian Qiao University,China
上海兴伟学院,Xing Wei College,China
上海中侨职业技术大学,,China
上海视觉艺术学院,Shanghai Institute of Visual Arts,China
上海外国语大学贤达经济人文学院,"Xianda College of Economics and Humanities, Shanghai International Studies University",China
上海师范大学天华学院,"Tianhua College, Shanghai Normal University",China
上海科技大学,ShanghaiTech University,China
上海纽约大学,New York University Shanghai,China
上海旅游高等专科学校,,China
上海东海职业技术学院,,China
上海工商职业技术学院,,China
上海出版印刷高等专科学校,,China
上海行健职业学院,,China
上海城建职业学院,,China
上海交通职业技术学院,,China
上海海事职业技术学院,,China
上海电子信息职业技术学院,,China
上海震旦职业学院,,China
上海民远职业技术学院,,China
上海欧华职业技术学院,,China
上海思博职业技术学院,,China
上海工艺美术职业学院,,China
上海济光职业技术学院,,China
上海工商外国语职业学院,,China
上海科学技术职业学院,,China
上海农林职业技术学院,,China
上海邦德职业技术学院,,China
上海电影艺术职业学院,,China
上海中华职业技术学院,,China
上海工会管理职业学院,,China
上海民航职业技术学院,,China
上海南湖职业技术学院,,China
上海科创职业技术学院,,China
上海闵行职业技术学院,,China
上海现代化工职业学院,,China
上海建设管理职业技术学院,,China
上海浦东职业技术学院,,China
南京大学,Nanjing University,China
苏州大学,Soochow University,China
东南大学,Southeast University,China
南京航空航天大学,Nanjing University of Aeronautics and Astronautics,China
南京理工大学,Nanjing University of Science and Technology,China
江苏科技大学,,China
中国矿业大学,China University of Mining and Technology,China
南京工业大学,Nanjing Tech University,China
常州大学,Changzhou University,China
南京邮电大学,Nanjing University of Posts and Telecommunications,China
河海大学,Hohai University,China
江南大学,Jiangnan University,China
南京林业大学,Nanjing Forestry University,China
江苏大学,Jiangsu University,China
南京信息工程大学,Nanjing University of Information Science and Technology,China
南通大学,Nantong University,China
盐城工学院,Yancheng Institute of Technology,China
南京农业大学,Nanjing Agricultural University,China
南京医科大学,Nanjing Medical University,China
徐州医科大学,Xuzhou Medical University,China
南京中医药大学,Nanjing University of Chinese Medicine,China
中国药科大学,China Pharmaceutical University,China
南京师范大学,Nanjing Normal University,China
江苏师范大学,Jiangsu Normal University,China
淮阴师范学院,Huaiyin Normal University,China
盐城师范学院,Yancheng Teachers University,China
南京财经大学,Nanjing University of Finance and Economics,China
江苏警官学院,Jiangsu Police Institute,China
南京体育学院,Nanjing Sport Institute,China
南京艺术学院,Nanjing University of the Arts,China
苏州科技大学,Suzhou University of Science and Technology,China
苏州工学院,,China
南京工业职业技术大学,,China
淮阴工学院,Huaiyin Institute of Technology,China
常州工学院,Changzhou Institute of Technology,China
扬州大学,Yangzhou University,China
三江学院,Sanjiang University,China
南京工程学院,Nanjing Institute of Technology,China
南京审计大学,Nanjing Audit University,China
南京晓庄学院,Nanjing Xiaozhuang University,China
江苏理工学院,Jiangsu University of Technology,China
江苏海洋大学,,China
徐州工程学院,Xuzhou Institute of Technology,China
南京特殊教育师范学院,,China
南通理工学院,Nantong Institute of Technology,China
南京警察学院,,China
东南大学成贤学院,"Chengxian College, Southeast University",China
泰州学院,Taizhou University,China
无锡太湖学院,Taihu University of Wuxi,China
金陵科技学院,Jinling Institute of Technology,China
中国矿业大学徐海学院,"Xuhai College, China University of Mining and Technology",China
南京大学金陵学院,"Jinling College, Nanjing University",China
南京理工大学紫金学院,"Zijin College, Nanjing University of Science and Technology",China
南京航空航天大学金城学院,"Jincheng College, Nanhang",China
南京传媒学院,,China
南京理工大学泰州科技学院,"Taizhou Institute, Nanjing University of Science and Technology",China
南京师范大学泰州学院,"Taizhou College, Nanjing Normal University",China
南京工业大学浦江学院,"Pujiang Institute, Nanjing Tech University",China
南京师范大学中北学院,"Zhongbei College, Nanjing Normal University",China
南京医科大学康达学院,"Kangda College, Nanjing Medical University",China
南京中医药大学翰林学院,"Hanlin College, Nanjing University of Chinese Medicine",China
无锡学院,,China
苏州城市学院,,China
苏州大学应用技术学院,"Applied Technology College, Soochow University",China
苏州科技大学天平学院,"Tianping College, Suzhou University of Science and Technology",China
江苏大学京江学院,"Jingjiang College, Jiangsu University",China
扬州大学广陵学院,"Guangling College, Yangzhou University",China
江苏师范大学科文学院,"Kewen College, Jiangsu Normal University",China
南京邮电大学通达学院,"Tongda College, Nanjing University of Posts and Telecommunications",China
南京财经大学红山学院,"Hongshan College, Nanjing University of Finance and Economics",China
江苏科技大学苏州理工学院,,China
常州大学怀德学院,"Huaide College, Changzhou University",China
南通大学杏林学院,"Xinglin College, Nantong University",China
南京审计大学金审学院,"Jinshen College, Nanjing Audit University",China
宿迁学院,Suqian College,China
江苏第二师范学院,Jiangsu Second Normal University,China
西交利物浦大学,Xi'an Jiaotong-Liverpool University,China
昆山杜克大学,Duke Kunshan University,China
连云港师范学院,,China
无锡职业技术大学,,China
苏州职业技术大学,,China
扬州职业技术大学,,China
盐城幼儿师范高等专科学校,,China
苏州幼儿师范高等专科学校,,China
明达职业技术学院,,China
江苏建筑职业技术学院,,China
江苏工程职业技术学院,,China
苏州工艺美术职业技术学院,,China
连云港职业技术学院,,China
镇江市高等专科学校,,China
南通职业大学,,China
沙洲职业工学院,,China
江苏经贸职业技术学院,,China
九州职业技术学院,,China
硅湖职业技术学院,,China
泰州职业技术学院,,China
常州信息职业技术学院,,China
江苏联合职业技术学院,,China
江苏海事职业技术学院,,China
应天职业技术学院,,China
无锡科技职业学院,,China
江苏医药职业学院,,China
扬州环境资源职业技术学院,,China
南通科技职业学院,,China
苏州经贸职业技术学院,,China
苏州工业职业技术学院,,China
苏州托普信息职业技术学院,,China
苏州卫生职业技术学院,,China
无锡商业职业技术学院,,China
江苏航运职业技术学院,,China
南京交通职业技术学院,,China
江苏电子信息职业学院,,China
江苏农牧科技职业学院,,China
常州纺织服装职业技术学院,,China
苏州农业职业技术学院,,China
苏州工业园区职业技术学院,,China
太湖创意职业技术学院,,China
炎黄职业技术学院,,China
南京科技职业学院,,China
正德职业技术学院,,China
钟山职业技术学院,,China
无锡南洋职业技术学院,,China
江南影视艺术职业学院,,China
金肯职业技术学院,,China
常州工业职业技术学院,,China
常州工程职业技术学院,,China
江苏农林职业技术学院,,China
江苏食品药品职业技术学院,,China
建东职业技术学院,,China
南京铁道职业技术学院,,China
徐州工业职业技术学院,,China
江苏信息职业技术学院,,China
宿迁职业技术学院,,China
南京信息职业技术学院,,China
江海职业技术学院,,China
常州机电职业技术学院,,China
江阴职业技术学院,,China
无锡城市职业技术学院,,China
无锡工艺职业技术学院,,China
金山职业技术学院,,China
苏州健雄职业技术学院,,China
盐城工业职业技术学院,,China
江苏财经职业技术学院,,China
扬州工业职业技术学院,,China
苏州百年职业学院,,China
昆山登云科技职业学院,,China
南京视觉艺术职业学院,,China
江苏城市职业学院,,China
南京城市职业学院,,China
南京机电职业技术学院,,China
苏州高博职业学院,,China
南京旅游职业学院,,China
江苏卫生健康职业学院,,China
苏州信息职业技术学院,,China
宿迁泽达职业技术学院,,China
苏州工业园区服务外包职业学院,,China
徐州幼儿师范高等专科学校,,China
徐州生物工程职业技术学院,,China
江苏商贸职业学院,,China
南通师范高等专科学校,,China
扬州中瑞酒店职业学院,,China
江苏护理职业学院,,China
江苏财会职业学院,,China
江苏城乡建设职业学院,,China
江苏航空职业技术学院,,China
江苏安全技术职业学院,,China
江苏旅游职业学院,,China
常州幼儿师范高等专科学校,,China
江苏司法警官职业学院,,China
盐城农业科技职业学院,,China
宿迁幼儿师范高等专科学校,,China
无锡师范高等专科学校,,China
常州铁道职业技术学院,,China
苏州旅游职业学院,,China
南通卫生健康职业学院,,China
浙江大学,Zhejiang University,China
杭州电子科技大学,Hangzhou Dianzi University,China
浙江工业大学,Zhejiang University of Technology,China
浙江理工大学,Zhejiang Sci-Tech University,China
浙江海洋大学,Zhejiang Ocean University,China
浙江农林大学,Zhejiang A & F University,China
温州医科大学,Wenzhou Medical University,China
浙江中医药大学,Zhejiang Chinese Medical University,China
浙江师范大学,Zhejiang Normal University,China
杭州师范大学,Hangzhou Normal University,China
湖州师范学院,Huzhou University,China
绍兴文理学院,Shaoxing University,China
台州学院,Taizhou University,China
温州大学,Wenzhou University,China
丽水学院,Lishui University,China
浙江工商大学,Zhejiang Gongshang University,China
嘉兴大学,,China
中国美术学院,China Academy of Art,China
中国计量大学,China Jiliang University,China
浙江万里学院,Zhejiang Wanli University,China
浙江科技大学,,China
宁波工程学院,Ningbo University of Technology,China
浙江水利水电学院,Zhejiang Institute of Water Resources and Hydropower,China
浙江财经大学,Zhejiang University of Finance and Economics,China
浙江警察学院,,China
衢州学院,Quzhou University,China
宁波大学,Ningbo University,China
浙江传媒学院,Communication University of Zhejiang,China
浙江树人学院,Zhejiang Shuren University,China
浙江越秀外国语学院,Zhejiang Yuexiu University of Foreign Languages,China
宁波财经学院,Ningbo University of Finance and Economics (Formerly Ningbo Dahongying University),China
浙大城市学院,Zhejiang University City College,China
浙大宁波理工学院,NingboTech University,China
杭州医学院,Hangzhou Medical College,China
浙江广厦建设职业技术大学,Zhejiang Guangsha Construction Vocational and Technical College,China
浙江工业大学之江学院,Zhijiang College of Zhejiang University of Technology,China
浙江师范大学行知学院,,China
宁波大学科学技术学院,"College of Science and Technology, Ningbo University",China
杭州电子科技大学信息工程学院,Hangzhou Dianzi University Information Engineering School,China
浙江理工大学科技与艺术学院,,China
浙江农林大学暨阳学院,Jiyang College of Zhejiang Agriculture and Forestry University,China
温州医科大学仁济学院,Wenzhou Medical University Renii College,China
浙江中医药大学滨江学院,Zhejiang Chinese Medical University Binjiang Institute,China
杭州师范大学钱江学院,Hangzhou Normal University Qianjiang College,China
湖州学院,Huzhou College,China
绍兴理工学院,,China
温州理工学院,Wenzhou Institute of Technology,China
浙江工商大学杭州商学院,Zhejiang Gongshang University Hangzhou College of Commerce,China
嘉兴南湖学院,Jiaxing Nanhu University,China
中国计量大学现代科技学院,China Jiliang University College of Modern Science and Technology,China
浙江财经大学东方学院,Oriental Institute of Zhejiang University of Finance and Economics,China
温州商学院,Wenzhou Business College,China
同济大学浙江学院,Tongji Zhejiang College,China
上海财经大学浙江学院,Shanghai University of Finance and Economics Zhejiang College,China
浙江外国语学院,Zhejiang International Studies University,China
浙江音乐学院,Zhejiang Conservatory of Music,China
西湖大学,Westlake University (Formerly Westlake Institute for Advanced),China
浙江药科职业大学,Zhejiang Pharmaceutical University,China
金华职业技术大学,,China
浙江机电职业技术大学,,China
宁波诺丁汉大学,University of Nottingham Ningbo China,China
温州肯恩大学,Wenzhou-Kean University,China
宁波职业技术大学,,China
杭州职业技术大学,,China
宁波东方理工大学,,China
温州职业技术学院,Wenzhou Vocational and Technical College,China
浙江交通职业技术学院,Zhejiang Institute of Communications,China
宁波城市职业技术学院,Ningbo City College of Vocational Technology,China
浙江电力职业技术学院,Professional and Technological College of Zhejiang Electric Power,China
浙江同济科技职业学院,Zhejiang Tongji Vocational College of Science and Technology,China
浙江工商职业技术学院,Zhejiang Business Technology Institute,China
台州职业技术学院,Taizhou Vocational and Technical College,China
浙江工贸职业技术学院,Zhejiang Industry and Trade Polytechnic,China
浙江建设职业技术学院,Zhejiang College of Construction,China
浙江艺术职业学院,Zhejiang Vocational Academy of Art,China
浙江经贸职业技术学院,Zhejiang Institute of Economics and Trade,China
浙江商业职业技术学院,Zhejiang Vocational College of Commerce,China
浙江经济职业技术学院,Zhejiang Technical Institute of Economics,China
浙江旅游职业学院,Tourism College of Zhejiang,China
浙江育英职业技术学院,Zhejiang Yuying College of Vocational and Technology,China
浙江警官职业学院,Zhejiang Police Vocational Academy,China
浙江金融职业学院,Zhejiang Financial College,China
浙江工业职业技术学院,Zhejiang Industry Polytechnic College,China
嘉兴职业技术学院,Jiaxing Vocational and Technical College,China
湖州职业技术学院,Huzhou Vocational and Technical College,China
绍兴职业技术学院,Shaoxing Vocational and Technical College,China
衢州职业技术学院,Quzhou Vocational and Technical College,China
丽水职业技术学院,Lishui Vocational College of Science and Technology,China
浙江东方职业技术学院,Zhejiang Dongfang Polytechnic,China
义乌工商职业技术学院,Yiwu Industrial and Commercial College,China
浙江纺织服装职业技术学院,Zhejiang Fashion Institute of Technology,China
杭州科技职业技术学院,Hangzhou Polytechnic,China
浙江长征职业技术学院,Zhejiang Changzheng Vocational and Technical College,China
嘉兴南洋职业技术学院,Jiaxing Nanyang Polytechnic Institute,China
杭州万向职业技术学院,Hangzhou Wanxiang Polytechnic,China
浙江邮电职业技术学院,Zhejiang Post and Telecommunication College,China
宁波卫生职业技术学院,Ningbo College of Health Sciences,China
台州科技职业学院,Taizhou Vocational College of Science and Technology,China
浙江国际海运职业技术学院,Zhejiang International Maritime College,China
浙江体育职业技术学院,Zhejiang College of Sports,China
温州科技职业学院,Wenzhou Vocational College of Science & Technology,China
浙江汽车职业技术学院,,China
浙江横店影视职业学院,Zhejiang Hengdian College of Film & Television,China
浙江农业商贸职业学院,Zhejiang Agricultural Business College,China
浙江特殊教育职业学院,Zhejiang Vocational College of Special Education,China
浙江安防职业技术学院,Zhejiang College of Security Technology,China
浙江宇翔职业技术学院,Zhejiang Yuxiang Vocational and Technical College,China
浙江金华科贸职业技术学院,,China
浙江舟山群岛新区旅游与健康职业学院,Zhoushan Tourism and Health College,China
宁波幼儿师范高等专科学校,,China
湖州健康职业学院,,China
安徽大学,Anhui University,China
中国科学技术大学,University of Science and Technology of China,China
合肥工业大学,Hefei University of Technology,China
安徽工业大学,Anhui University of Technology,China
安徽理工大学,Anhui University of Science and Technology,China
安徽工程大学,Anhui Polytechnic University,China
安徽农业大学,Anhui Agricultural University,China
安徽医科大学,Anhui Medical University,China
蚌埠医科大学,,China
皖南医学院,Wannan Medical College,China
安徽中医药大学,Anhui University of Chinese Medicine,China
安徽师范大学,Anhui Normal University,China
阜阳师范大学,,China
安庆师范大学,Anqing Normal University,China
淮北师范大学,Huaibei Normal University,China
黄山学院,Huangshan University,China
皖西学院,West Anhui University,China
滁州学院,Chuzhou University,China
安徽财经大学,Anhui University of Finance and Economics,China
宿州学院,Suzhou University,China
巢湖学院,Chaohu University,China
淮南师范学院,Huainan Normal University,China
铜陵学院,Tongling University,China
安徽建筑大学,Anhui Jianzhu University,China
安徽科技学院,Anhui Science and Technology University,China
安徽三联学院,,China
合肥大学,,China
蚌埠学院,Bengbu University,China
池州学院,Chizhou University,China
安徽新华学院,,China
安徽文达信息工程学院,,China
亳州学院,,China
安徽外国语学院,,China
蚌埠工商学院,,China
合肥理工学院,,China
安徽信息工程学院,,China
马鞍山学院,,China
合肥城市学院,,China
合肥经济学院,,China
芜湖学院,,China
安徽医科大学临床医学院,,China
阜阳理工学院,,China
淮北理工学院,,China
合肥师范学院,Hefei Normal University,China
皖江工学院,,China
安徽艺术学院,,China
安徽公安学院,,China
安徽职业技术大学,,China
芜湖职业技术大学,,China
安徽第二医学院,,China
淮北职业技术学院,,China
淮南联合大学,,China
安徽商贸职业技术学院,,China
安徽水利水电职业技术学院,,China
阜阳职业技术学院,,China
铜陵职业技术学院,,China
民办万博科技职业学院,,China
安徽警官职业学院,,China
淮南职业技术学院,,China
安徽工业经济职业技术学院,,China
合肥通用职业技术学院,,China
安徽工贸职业技术学院,,China
宿州职业技术学院,,China
六安职业技术学院,,China
安徽电子信息职业技术学院,,China
民办合肥经济技术职业学院,,China
安徽交通职业技术学院,,China
安徽体育运动职业技术学院,,China
安徽中医药高等专科学校,,China
合肥职业技术学院,,China
滁州职业技术学院,,China
池州职业技术学院,,China
宣城职业技术学院,,China
安徽广播影视职业技术学院,,China
民办合肥滨湖职业技术学院,,China
安徽电气工程职业技术学院,,China
安徽冶金科技职业学院,,China
安徽城市管理职业学院,,China
安徽机电职业技术学院,,China
安徽工商职业学院,,China
安徽中澳科技职业学院,,China
阜阳科技职业学院,,China
亳州职业技术学院,,China
安徽国防科技职业学院,,China
安庆职业技术学院,,China
安徽艺术职业学院,,China
马鞍山师范高等专科学校,,China
安徽财贸职业学院,,China
安徽国际商务职业学院,,China
安徽公安职业学院,,China
安徽林业职业技术学院,,China
安徽审计职业学院,,China
安徽新闻出版职业技术学院,,China
安徽邮电职业技术学院,,China
安徽工业职业技术学院,,China
民办合肥财经职业学院,,China
安庆医药高等专科学校,,China
安徽涉外经济职业学院,,China
安徽绿海商务职业学院,,China
合肥共达职业技术学院,,China
蚌埠经济技术职业学院,,China
民办安徽旅游职业学院,,China
徽商职业学院,,China
马鞍山职业技术学院,,China
安徽现代信息工程职业学院,,China
安徽矿业职业技术学院,,China
合肥信息技术职业学院,,China
桐城师范高等专科学校,,China
黄山职业技术学院,,China
滁州城市职业学院,,China
安徽汽车职业技术学院,,China
皖西卫生职业学院,,China
合肥幼儿师范高等专科学校,,China
安徽扬子职业技术学院,,China
安徽黄梅戏艺术职业学院,,China
安徽粮食工程职业学院,,China
安徽卫生健康职业学院,,China
合肥科技职业学院,,China
皖北卫生职业学院,,China
阜阳幼儿师范高等专科学校,,China
黄山健康职业学院,,China
宿州航空职业学院,,China
芜湖医药健康职业学院,,China
芜湖航空职业学院,,China
蚌埠城市轨道交通职业学院,,China
六安应用科技职业学院,,China
厦门大学,,China
华侨大学,,China
福州大学,,China
福建理工大学,,China
福建农林大学,,China
集美大学,,China
福建医科大学,,China
福建中医药大学,,China
福建师范大学,,China
闽江学院,,China
武夷学院,,China
宁德师范学院,,China
泉州师范学院,,China
闽南师范大学,,China
厦门理工学院,,China
三明学院,,China
龙岩学院,,China
福建商学院,,China
福建警察学院,,China
莆田学院,,China
仰恩大学,,China
厦门医学院,,China
厦门华厦学院,,China
闽南理工学院,,China
泉州职业技术大学,,China
闽南科技学院,,China
福州工商学院,,China
厦门工学院,,China
阳光学院,,China
厦门大学嘉庚学院,,China
福州大学至诚学院,,China
集美大学诚毅学院,,China
福建师范大学协和学院,,China
福州外语外贸学院,,China
福建江夏学院,,China
泉州信息工程学院,,China
福州理工学院,,China
福建农林大学金山学院,,China
福建技术师范学院,,China
福建福耀科技大学,,China
黎明职业大学,,China
福建船政交通职业学院,,China
漳州职业技术学院,,China
闽西职业技术学院,,China
福建华南女子职业学院,,China
福州职业技术学院,,China
福建林业职业技术学院,,China
福建信息职业技术学院,,China
福建水利电力职业技术学院,,China
福建电力职业技术学院,,China
厦门海洋职业技术学院,,China
福建农业职业技术学院,,China
福建卫生职业技术学院,,China
泉州医学高等专科学校,,China
福州英华职业学院,,China
泉州纺织服装职业学院,,China
泉州华光职业学院,,China
闽北职业技术学院,,China
福州黎明职业技术学院,,China
厦门演艺职业学院,,China
厦门华天涉外职业技术学院,,China
福州科技职业技术学院,,China
泉州经贸职业技术学院,,China
湄洲湾职业技术学院,,China
福建生物工程职业技术学院,,China
福建艺术职业学院,,China
福建幼儿师范高等专科学校,,China
厦门城市职业学院,,China
泉州工艺美术职业学院,,China
三明医学科技职业学院,,China
宁德职业技术学院,,China
福州软件职业技术学院,,China
厦门兴才职业技术学院,,China
厦门软件职业技术学院,,China
福建体育职业技术学院,,China
漳州城市职业学院,,China
厦门南洋职业学院,,China
厦门东海职业技术学院,,China
漳州科技职业学院,,China
漳州理工职业学院,,China
武夷山职业学院,,China
漳州卫生职业学院,,China
泉州海洋职业学院,,China
泉州轻工职业学院,,China
厦门安防科技职业学院,,China
泉州幼儿师范高等专科学校,,China
闽江师范高等专科学校,,China
泉州工程职业技术学院,,China
福州墨尔本理工职业学院,,China
集美工业职业学院,,China
南昌大学,Nanchang University,China
华东交通大学,East China Jiaotong University,China
东华理工大学,East China University of Technology,China
南昌航空大学,Nanchang Hangkong University,China
江西理工大学,Jiangxi University of Science and Technology,China
景德镇陶瓷大学,Jingdezhen Ceramic Institute,China
江西农业大学,Jiangxi Agricultural University,China
江西中医药大学,Jiangxi University of Traditional Chinese Medicine,China
赣南医科大学,,China
江西师范大学,Jiangxi Normal University,China
上饶师范学院,Shangrao Normal University,China
宜春学院,Yichun University,China
赣南师范大学,,China
井冈山大学,Jinggangshan University,China
江西财经大学,Jiangxi University of Finance and Economics,China
江西科技学院,Jiangxi University of Technology,China
景德镇学院,Jingdezhen University,China
萍乡学院,Pingxiang University,China
江西科技师范大学,Jiangxi Science and Technology Normal University,China
江西水利电力大学,,China
江西警察学院,Jiangxi Police Institute,China
新余学院,Xinyu University,China
九江学院,Jiujiang University,China
江西工程学院,Jiangxi College of Engineering,China
南昌理工学院,Nanchang Institute of Technology,China
江西应用科技学院,Jiangxi University of Applied Science,China
江西服装学院,Jiangxi Institute of Fashion Technology,China
南昌职业大学,,China
南昌工学院,,China
南昌大学科学技术学院,"College of Science and Technology, Nanchang University",China
南昌大学共青学院,"Gongqing College, Nanchang University",China
南昌交通学院,,China
赣东学院,,China
南昌航空大学科技学院,"Science and Technology College, Nanchang Hangkong University",China
赣南科技学院,,China
景德镇艺术职业大学,,China
江西农业大学南昌商学院,"Nanchang Business College, Jiangxi Agricultural University",China
南昌医学院,,China
江西师范大学科学技术学院,"Science and Technology College, Jiangxi Normal University",China
赣南师范大学科技学院,"Science and Technology College, Gannan Normal University",China
南昌应用技术师范学院,,China
江西财经大学现代经济管理学院,"Modern Economics and Management College, Jiangxi University of Finance and Economics",China
豫章师范学院,,China
江西软件职业技术大学,,China
南昌师范学院,Nanchang Normal University,China
江西飞行学院,,China
江西职业技术大学,,China
抚州医药学院,,China
九江科技职业大学,,China
上饶幼儿师范高等专科学校,,China
抚州幼儿师范高等专科学校,,China
江西工业职业技术学院,,China
江西医学高等专科学校,,China
九江职业大学,,China
江西司法警官职业学院,,China
江西陶瓷工艺美术职业技术学院,,China
江西旅游商贸职业学院,,China
江西电力职业技术学院,,China
江西环境工程职业学院,,China
江西艺术职业学院,,China
鹰潭职业技术学院,,China
江西信息应用职业技术学院,,China
江西交通职业技术学院,,China
江西财经职业学院,,China
江西应用技术职业学院,,China
江西现代职业技术学院,,China
江西工业工程职业技术学院,,China
江西机电职业技术学院,,China
江西科技职业学院,,China
江西外语外贸职业学院,,China
江西工业贸易职业技术学院,,China
宜春职业技术学院,,China
江西应用工程职业学院,,China
江西生物科技职业学院,,China
江西建设职业技术学院,,China
抚州职业技术学院,,China
江西经济管理职业学院,,China
江西制造职业技术学院,,China
江西工程职业学院,,China
江西青年职业学院,,China
上饶职业技术学院,,China
江西航空职业技术学院,,China
江西农业工程职业学院,,China
赣西科技职业学院,,China
江西卫生职业学院,,China
江西新能源科技职业学院,,China
江西枫林涉外经贸职业学院,,China
江西泰豪动漫职业学院,,China
江西冶金职业技术学院,,China
江西管理职业学院,,China
江西传媒职业学院,,China
江西工商职业技术学院,,China
景德镇陶瓷职业技术学院,,China
赣州师范高等专科学校,,China
江西水利职业学院,,China
宜春幼儿师范高等专科学校,,China
吉安职业技术学院,,China
江西洪州职业学院,,China
江西师范高等专科学校,,China
南昌影视传播职业学院,,China
赣南卫生健康职业学院,,China
萍乡卫生职业学院,,China
江西婺源茶业职业学院,,China
赣州职业技术学院,,China
南昌健康职业技术学院,,China
九江理工职业学院,,China
和君职业学院,,China
吉安幼儿师范高等专科学校,,China
上饶卫生健康职业学院,,China
江西樟树中医药职业学院,,China
赣东职业技术学院,,China
江西电子信息职业技术学院,,China
鹰潭卫生职业学院,,China
九江卫生健康职业学院,,China
新余职业技术学院,,China
赣州起元职业学院,,China
赣州远恒佳职业学院,,China
山东大学,Shandong University,China
中国海洋大学,Ocean University of China,China
山东科技大学,Shandong University of Science and Technology,China
中国石油大学（华东）,China University of Petroleum (East China),China
青岛科技大学,Qingdao University of Science and Technology,China
济南大学,University of Jinan,China
青岛理工大学,Qingdao University of Technology,China
山东建筑大学,Shandong Jianzhu University,China
齐鲁工业大学,Qilu University of Technology,China
山东理工大学,Shandong University of Technology,China
山东农业大学,Shandong Agricultural University,China
青岛农业大学,Qingdao Agricultural University,China
山东第二医科大学,,China
山东第一医科大学,,China
滨州医学院,Binzhou Medical University,China
山东中医药大学,Shandong University of Traditional Chinese Medicine,China
济宁医学院,Jining Medical University,China
山东师范大学,Shandong Normal University,China
曲阜师范大学,Qufu Normal University,China
聊城大学,Liaocheng University,China
德州学院,Dezhou University,China
山东航空学院,,China
鲁东大学,Ludong University,China
临沂大学,Linyi University,China
泰山学院,Taishan University,China
济宁学院,Jining University,China
菏泽学院,Heze University,China
山东财经大学,Shandong University of Finance and Economics,China
山东体育学院,Shandong Sport University,China
山东艺术学院,Shandong University of Arts,China
齐鲁医药学院,Qilu Medical University,China
青岛滨海学院,Qingdao Binhai University,China
枣庄学院,Zaozhuang University,China
山东工艺美术学院,Shandong University of Art and Design,China
青岛大学,Qingdao University,China
烟台大学,Yantai University,China
潍坊学院,Weifang University,China
山东警察学院,Shandong Police College,China
山东交通学院,Shandong Jiaotong University,China
山东工商学院,Shandong Technology and Business University,China
山东女子学院,Shandong Women's University,China
烟台南山学院,Yantai Nanshan University,China
潍坊科技学院,,China
山东英才学院,,China
青岛恒星科技学院,,China
青岛黄海学院,,China
山东现代学院,,China
山东协和学院,Shandong Xiehe University,China
山东工程职业技术大学,,China
烟台理工学院,,China
聊城大学东昌学院,,China
青岛城市学院,,China
潍坊理工学院,,China
山东财经大学燕山学院,,China
山东石油化工学院,,China
山东外国语职业技术大学,,China
泰山科技学院,,China
山东华宇工学院,Shandong Huayu University of Technology,China
山东外事职业大学,,China
青岛工学院,Qingdao University of Technology,China
青岛农业大学海都学院,,China
齐鲁理工学院,,China
山东财经大学东方学院,,China
烟台科技学院,,China
山东政法学院,Shandong University of Political Science and Law,China
齐鲁师范学院,Qilu Normal University,China
山东青年政治学院,Shandong Youth University of Political Science,China
青岛电影学院,,China
山东管理学院,Shandong Management University,China
山东农业工程学院,Shandong Agriculture and Engineering University,China
康复大学,,China
淄博职业技术大学,,China
山东医学高等专科学校,,China
菏泽医学专科学校,,China
山东商业职业技术学院,,China
山东电力高等专科学校,,China
日照职业技术学院,,China
曲阜远东职业技术学院,,China
青岛职业技术学院,,China
威海职业学院,,China
山东职业学院,,China
山东劳动职业技术学院,,China
莱芜职业技术学院,,China
济宁职业技术学院,,China
潍坊职业学院,,China
烟台职业学院,,China
东营职业学院,,China
聊城职业技术学院,,China
滨州职业学院,,China
山东科技职业学院,,China
山东服装职业学院,,China
德州科技职业学院,,China
山东力明科技职业学院,,China
山东圣翰财贸职业学院,,China
山东水利职业学院,,China
山东畜牧兽医职业学院,,China
青岛飞洋职业技术学院,,China
东营科技职业学院,,China
山东交通职业学院,,China
山东外贸职业学院,,China
青岛酒店管理职业技术学院,,China
山东信息职业技术学院,,China
青岛港湾职业技术学院,,China
山东胜利职业学院,,China
山东经贸职业学院,,China
山东工业职业学院,,China
山东化工职业学院,,China
青岛求实职业技术学院,,China
济南职业学院,,China
烟台工程职业技术学院,,China
潍坊工商职业学院,,China
德州职业技术学院,,China
枣庄科技职业学院,,China
淄博师范高等专科学校,,China
山东中医药高等专科学校,,China
济南工程职业技术学院,,China
山东电子职业技术学院,,China
山东旅游职业学院,,China
山东铝业职业学院,,China
山东杏林科技职业学院,,China
泰山职业技术学院,,China
山东药品食品职业学院,,China
山东商务职业学院,,China
山东轻工职业学院,,China
山东城市建设职业学院,,China
烟台汽车工程职业学院,,China
山东司法警官职业学院,,China
菏泽家政职业学院,,China
山东传媒职业学院,,China
临沂职业学院,,China
枣庄职业学院,,China
山东理工职业学院,,China
山东文化产业职业学院,,China
青岛远洋船员职业学院,,China
济南幼儿师范高等专科学校,,China
济南护理职业学院,,China
泰山护理职业学院,,China
山东海事职业学院,,China
潍坊护理职业学院,,China
潍坊工程职业学院,,China
菏泽职业学院,,China
山东艺术设计职业学院,,China
威海海洋职业学院,,China
山东特殊教育职业学院,,China
烟台黄金职业学院,,China
日照航海工程职业学院,,China
青岛工程职业学院,,China
青岛幼儿师范高等专科学校,,China
烟台幼儿师范高等专科学校,,China
烟台文化旅游职业学院,,China
临沂科技职业学院,,China
青岛航空科技职业学院,,China
潍坊环境工程职业学院,,China
滨州科技职业学院,,China
山东城市服务职业学院,,China
潍坊食品科技职业学院,,China
烟台城市科技职业学院,,China
德州工程职业学院,,China
日照康养职业学院,,China
烟台卫生健康职业学院,,China
山东文化艺术职业学院,,China
聊城科技职业学院,,China
济宁汽车工程职业学院,,China
日照科技职业学院,,China
枣庄应用技术职业学院,,China
临沂城市职业学院,,China
菏泽生物医药职业学院,,China
华北水利水电大学,,China
郑州大学,,China
河南理工大学,,China
郑州轻工业大学,,China
河南工业大学,,China
河南科技大学,,China
中原工学院,,China
河南农业大学,,China
河南科技学院,,China
河南牧业经济学院,,China
河南中医药大学,,China
河南医药大学,,China
河南大学,,China
河南师范大学,,China
信阳师范大学,,China
周口师范学院,,China
安阳师范学院,,China
许昌学院,,China
南阳师范学院,,China
洛阳师范学院,,China
商丘师范学院,,China
河南财经政法大学,,China
郑州航空工业管理学院,,China
黄淮学院,,China
平顶山学院,,China
郑州工程技术学院,,China
洛阳理工学院,,China
新乡学院,,China
信阳农林学院,,China
河南工学院,,China
安阳工学院,,China
河南工程学院,,China
河南财政金融学院,,China
南阳理工学院,,China
河南城建学院,,China
河南警察学院,,China
黄河科技学院,,China
郑州警察学院,,China
郑州科技学院,,China
郑州工业应用技术学院,,China
郑州师范学院,,China
郑州财经学院,,China
黄河交通学院,,China
商丘工学院,,China
河南开封科技传媒学院,,China
中原科技学院,,China
信阳学院,,China
安阳学院,,China
豫北医学院,,China
新乡工程学院,,China
郑州工商学院,,China
郑州经贸学院,,China
商丘学院,,China
郑州商学院,,China
河南科技职业大学,,China
郑州升达经贸管理学院,,China
郑州西亚斯学院,,China
郑州美术学院,,China
漯河食品工程职业大学,,China
河南体育学院,,China
郑州健康学院,,China
黄河水利职业技术大学,,China
河南职业技术学院,,China
漯河职业技术学院,,China
三门峡职业技术学院,,China
郑州铁路职业技术学院,,China
开封大学,,China
焦作大学,,China
濮阳职业技术学院,,China
郑州电力高等专科学校,,China
许昌职业技术学院,,China
河南工业和信息化职业学院,,China
河南水利与环境职业学院,,China
商丘职业技术学院,,China
平顶山工业职业技术学院,,China
周口职业技术学院,,China
济源职业技术学院,,China
河南司法警官职业学院,,China
鹤壁职业技术学院,,China
河南工业职业技术学院,,China
焦作师范高等专科学校,,China
河南检察职业学院,,China
河南质量工程职业学院,,China
郑州信息科技职业学院,,China
漯河医学高等专科学校,,China
南阳医学高等专科学校,,China
商丘医学高等专科学校,,China
郑州电子信息职业技术学院,,China
信阳职业技术学院,,China
嵩山少林武术职业学院,,China
郑州工业安全职业学院,,China
永城职业学院,,China
河南经贸职业学院,,China
河南交通职业技术学院,,China
河南农业职业学院,,China
郑州旅游职业学院,,China
郑州职业技术学院,,China
河南信息统计职业学院,,China
河南林业职业学院,,China
河南工业贸易职业学院,,China
郑州电力职业技术学院,,China
河南建筑职业技术学院,,China
郑州城市职业学院,,China
安阳职业技术学院,,China
新乡职业技术学院,,China
驻马店职业技术学院,,China
焦作工贸职业学院,,China
许昌陶瓷职业学院,,China
郑州理工职业学院,,China
郑州信息工程职业学院,,China
长垣烹饪职业技术学院,,China
开封文化艺术职业学院,,China
河南应用技术职业学院,,China
河南艺术职业学院,,China
河南机电职业学院,,China
河南护理职业学院,,China
许昌电气职业学院,,China
信阳涉外职业技术学院,,China
鹤壁汽车工程职业学院,,China
南阳职业学院,,China
郑州商贸旅游职业学院,,China
河南推拿职业学院,,China
洛阳职业技术学院,,China
郑州幼儿师范高等专科学校,,China
安阳幼儿师范高等专科学校,,China
郑州黄河护理职业学院,,China
河南医学高等专科学校,,China
郑州财税金融职业学院,,China
南阳农业职业学院,,China
洛阳科技职业学院,,China
鹤壁能源化工职业学院,,China
平顶山文化艺术职业学院,,China
濮阳医学高等专科学校,,China
驻马店幼儿师范高等专科学校,,China
三门峡社会管理职业学院,,China
河南轻工职业学院,,China
河南测绘职业学院,,China
信阳航空职业学院,,China
郑州卫生健康职业学院,,China
河南物流职业学院,,China
河南地矿职业学院,,China
郑州亚欧交通职业学院,,China
河南女子职业学院,,China
河南对外经济贸易职业学院,,China
濮阳石油化工职业技术学院,,China
南阳科技职业学院,,China
兰考三农职业学院,,China
汝州职业技术学院,,China
林州建筑职业技术学院,,China
郑州电子商务职业学院,,China
郑州轨道工程职业学院,,China
郑州体育职业学院,,China
洛阳文化旅游职业学院,,China
周口文理职业学院,,China
信阳艺术职业学院,,China
郑州城建职业学院,,China
郑州医药健康职业学院,,China
平顶山职业技术学院,,China
南阳工艺美术职业学院,,China
濮阳科技职业学院,,China
商丘幼儿师范高等专科学校,,China
周口理工职业学院,,China
焦作新材料职业学院,,China
开封职业学院,,China
洛阳商业职业学院,,China
郑州软件职业技术学院,,China
郑州智能科技职业学院,,China
郑州食品工程职业学院,,China
郑州汽车工程职业学院,,China
驻马店农业工程职业学院,,China
信阳科技职业学院,,China
信阳工程职业学院,,China
周口城市职业学院,,China
河南新乡工商职业学院,,China
开封工程职业学院,,China
开封智慧健康职业学院,,China
周口智慧能源职业学院,,China
平顶山科技职业学院,,China
武汉大学,,China
华中科技大学,,China
武汉科技大学,,China
长江大学,,China
武汉工程大学,,China
中国地质大学（武汉）,,China
武汉纺织大学,,China
武汉轻工大学,,China
武汉理工大学,,China
湖北工业大学,,China
华中农业大学,,China
湖北中医药大学,,China
华中师范大学,,China
湖北大学,,China
湖北师范大学,Hubei Normal University,China
黄冈师范学院,,China
湖北民族大学,,China
汉江师范学院,Hanjiang Normal University,China
湖北文理学院,,China
中南财经政法大学,,China
武汉体育学院,,China
湖北美术学院,,China
中南民族大学,,China
湖北汽车工业学院,Hubei University of Automotive Technology,China
湖北工程学院,Hubei Engineering University,China
湖北理工学院,Hubei Institute of Technology,China
湖北科技学院,Hubei University of Science and Technology,China
湖北医药学院,,China
江汉大学,,China
三峡大学,,China
湖北警官学院,Hubei University of Police [zh],China
荆楚理工学院,Jingchu University of Technology,China
武汉音乐学院,,China
湖北经济学院,Hubei University of Economics [zh],China
武汉商学院,,China
武汉东湖学院,,China
汉口学院,,China
武昌首义学院,,China
武昌理工学院,,China
武汉生物工程学院,,China
武汉晴川学院,,China
湖北大学知行学院,,China
武汉城市学院,,China
三峡大学科技学院,,China
武汉文理学院,,China
湖北工业大学工程技术学院,,China
武汉工程大学邮电与信息工程学院,,China
武汉纺织大学外经贸学院,,China
武昌工学院,,China
武汉工商学院,,China
荆州学院,,China
长江大学文理学院,,China
湖北商贸学院,,China
湖北汽车工业学院科技学院,,China
湖北医药学院药护学院,,China
湖北恩施学院,,China
湖北经济学院法商学院,,China
武汉体育学院体育科技学院,,China
湖北师范大学文理学院,,China
湖北文理学院理工学院,,China
湖北工程学院新技术学院,,China
文华学院,,China
武汉学院,,China
武汉工程科技学院,,China
武汉华夏理工学院,,China
武汉传媒学院,,China
武汉设计工程学院,,China
湖北第二师范学院,Hubei University of Education [zh],China
武汉职业技术大学,,China
湖北三峡航空学院,,China
黄冈职业技术学院,,China
长江职业学院,,China
荆州理工职业学院,,China
湖北工业职业技术学院,Hubei Industrial Polytechnic,China
鄂州职业大学,,China
武汉城市职业学院,,China
湖北职业技术学院,,China
武汉船舶职业技术学院,,China
恩施职业技术学院,,China
襄阳职业技术学院,,China
武汉工贸职业学院,,China
荆州职业技术学院,,China
武汉工程职业技术学院,,China
仙桃职业学院,,China
湖北轻工职业技术学院,,China
湖北交通职业技术学院,,China
湖北中医药高等专科学校,,China
武汉航海职业技术学院,,China
武汉铁路职业技术学院,,China
武汉软件工程职业学院,,China
湖北三峡职业技术学院,,China
随州职业技术学院,,China
武汉电力职业技术学院,,China
湖北水利水电职业技术学院,,China
湖北城市建设职业技术学院,,China
武汉警官职业学院,,China
湖北生物科技职业学院,,China
湖北开放职业学院,,China
武汉科技职业学院,,China
武汉外语外事职业学院,,China
武汉信息传播职业技术学院,,China
武昌职业学院,,China
武汉商贸职业学院,,China
湖北艺术职业学院,,China
武汉交通职业学院,Wuhan Technical College of Communications [zh],China
咸宁职业技术学院,,China
长江工程职业技术学院,,China
江汉艺术职业学院,,China
武汉民政职业学院,,China
湖北黄冈应急管理职业技术学院,,China
湖北财税职业学院,,China
黄冈科技职业学院,,China
湖北国土资源职业学院,,China
湖北生态工程职业技术学院,,China
三峡电力职业学院,,China
湖北科技职业学院,,China
湖北青年职业学院,,China
湖北工程职业学院,,China
三峡旅游职业技术学院,,China
天门职业学院,,China
湖北体育职业学院,,China
襄阳汽车职业技术学院,,China
湖北幼儿师范高等专科学校,,China
湖北铁道运输职业学院,,China
武汉海事职业学院,,China
长江艺术工程职业学院,,China
荆门职业学院,,China
武汉铁路桥梁职业学院,,China
武汉光谷职业学院,,China
湖北健康职业学院,,China
湖北孝感美珈职业学院,,China
襄阳科技职业学院,,China
宜昌科技职业学院,,China
荆门通用航空职业技术学院,,China
湘潭大学,Xiangtan University,China
吉首大学,Jishou University,China
湖南大学,Hunan University,China
中南大学,Central South University,China
湖南科技大学,Hunan University of Science and Technology,China
长沙理工大学,Changsha University of Science and Technology,China
湖南农业大学,Hunan Agricultural University,China
中南林业科技大学,Central South University of Forestry and Technology,China
湖南中医药大学,Hunan University of Traditional Chinese Medicine,China
湖南师范大学,Hunan Normal University,China
湖南理工学院,Hunan Institute of Science and Technology,China
湘南学院,Xiangnan University,China
衡阳师范学院,Hengyang Normal University,China
邵阳学院,Shaoyang University,China
怀化学院,Huaihua University,China
湖南文理学院,Hunan University of Arts and Science,China
湖南科技学院,Hunan University of Science and Engineering,China
湖南人文科技学院,"Hunan University of Humanities, Science and Technology",China
湖南工商大学,,China
南华大学,University of South China,China
长沙医学院,Changsha Medical College,China
长沙学院,Changsha University,China
湖南工程学院,Hunan Institute of Engineering,China
湖南城市学院,Hunan City University,China
湖南工学院,Hunan Institute of Technology,China
湖南财政经济学院,Hunan University of Finance and Economics,China
湖南警察学院,Hunan Police Academy,China
湖南工业大学,Hunan University of Technology,China
湖南女子学院,Hunan Women's University,China
湖南第一师范学院,Hunan First Normal University,China
湖南医药学院,Hunan University of Medicine,China
湖南涉外经济学院,Hunan International Economics University,China
湘潭大学兴湘学院,"Xingxiang College, Xiangtan University",China
湖南工业大学科技学院,,China
湖南科技大学潇湘学院,,China
南华大学船山学院,,China
湘潭理工学院,,China
长沙工业学院,,China
湖南农业大学东方科技学院,,China
中南林业科技大学涉外学院,,China
常德学院,,China
岳阳学院,,China
衡阳师范学院南岳学院,,China
湖南工程学院应用技术学院,,China
湖南中医药大学湘杏学院,"Xiangxin College, Hunan University of Traditional Chinese Medicine",China
张家界学院,,China
长沙理工大学城南学院,,China
长沙师范学院,Changsha Normal University,China
湖南应用技术学院,Hunan Applied Technology University,China
湖南信息学院,Hunan Institute of Information Technology,China
湖南交通工程学院,Hunan Institute of Traffic Engineering,China
湖南软件职业技术大学,,China
湖南汽车工程职业大学,,China
长沙科技学院,,China
湘中幼儿师范高等专科学校,,China
长沙民政职业技术学院,,China
湖南工业职业技术学院,,China
株洲师范高等专科学校,,China
湖南信息职业技术学院,,China
湖南税务高等专科学校,,China
湖南冶金职业技术学院,,China
长沙航空职业技术学院,,China
湖南大众传媒职业技术学院,,China
永州职业技术学院,,China
湖南铁道职业技术学院,,China
湖南科技职业学院,,China
湖南生物机电职业技术学院,,China
湖南交通职业技术学院,,China
湖南商务职业技术学院,,China
湖南体育职业学院,,China
湖南工程职业技术学院,,China
保险职业学院,,China
湖南外贸职业学院,,China
湖南网络工程职业学院,,China
邵阳职业技术学院,,China
湖南司法警官职业学院,,China
长沙商贸旅游职业技术学院,,China
湖南环境生物职业技术学院,,China
湖南邮电职业技术学院,,China
湘潭医卫职业技术学院,,China
郴州职业技术学院,,China
娄底职业技术学院,,China
张家界航空工业职业技术学院,,China
长沙环境保护职业技术学院,,China
湖南艺术职业学院,,China
湖南机电职业技术学院,,China
长沙职业技术学院,,China
怀化职业技术学院,,China
岳阳职业技术学院,,China
常德职业技术学院,,China
长沙南方职业学院,,China
潇湘职业学院,,China
湖南化工职业技术学院,,China
湖南城建职业技术学院,,China
湖南石油化工职业技术学院,,China
湖南中医药高等专科学校,,China
湖南民族职业学院,,China
湘西民族职业技术学院,,China
湖南财经工业职业技术学院,,China
益阳职业技术学院,,China
湖南工艺美术职业学院,,China
湖南九嶷职业技术学院,,China
湖南理工职业技术学院,,China
长沙电力职业技术学院,,China
湖南水利水电职业技术学院,,China
湖南现代物流职业技术学院,,China
湖南高速铁路职业技术学院,,China
湖南铁路科技职业技术学院,,China
湖南安全技术职业学院,,China
湖南电气职业技术学院,,China
湖南外国语职业学院,,China
益阳医学高等专科学校,,China
湖南都市职业学院,,China
湖南电子科技职业学院,,China
湖南国防工业职业技术学院,,China
湖南高尔夫旅游职业学院,,China
湖南工商职业学院,,China
湖南三一工业职业技术学院,,China
长沙卫生职业学院,,China
湖南食品药品职业学院,,China
湖南有色金属职业技术学院,,China
湖南吉利汽车职业技术学院,,China
湖南幼儿师范高等专科学校,,China
湘南幼儿师范高等专科学校,,China
湖南劳动人事职业学院,,China
怀化师范高等专科学校,,China
永州师范高等专科学校,,China
衡阳幼儿师范高等专科学校,,China
长沙幼儿师范高等专科学校,,China
益阳师范高等专科学校,,China
娄底幼儿师范高等专科学校,,China
常德科技职业技术学院,,China
邵阳工业职业技术学院,,China
长沙轨道交通职业学院,,China
长沙文创艺术职业学院,,China
岳阳现代服务职业学院,,China
郴州思科职业学院,,China
衡阳科技职业学院,,China
怀化工商职业技术学院,,China
湘潭科技职业学院,,China
长沙医药健康职业学院,,China
长沙科技职业学院,,China
株洲科技职业学院,,China
衡阳理工职业学院,,China
郴州智能科技职业学院,,China
岳阳科技职业学院,,China
邵阳通航职业技术学院,,China
中山大学,Sun Yat-sen University,China
暨南大学,Jinan University,China
汕头大学,Shantou University,China
华南理工大学,South China University of Technology,China
华南农业大学,South China Agricultural University,China
广东海洋大学,Guangdong Ocean University,China
广州医科大学,Guangzhou Medical University,China
广东医科大学,Guangdong Medical University,China
广州中医药大学,Guangzhou University of Chinese Medicine,China
广东药科大学,Guangdong Pharmaceutical University,China
华南师范大学,South China Normal University,China
韶关学院,Shaoguan University,China
惠州学院,Huizhou University,China
韩山师范学院,Hanshan Normal University,China
岭南师范学院,Lingnan Normal University,China
肇庆学院,Zhaoqing University,China
嘉应学院,Jiaying University,China
广州体育学院,Guangzhou Sport University,China
广州美术学院,Guangzhou Academy of Fine Arts,China
星海音乐学院,Xinghai Conservatory of Music,China
广东技术师范大学,Guangdong Polytechnic Normal University,China
深圳大学,Shenzhen University,China
广东财经大学,Guangdong University of Finance and Economics,China
广东白云学院,Guangdong Baiyun University,China
广州大学,Guangzhou University,China
广州航海学院,Guangzhou Maritime Institute,China
广东警官学院,Guangdong Police College,China
仲恺农业工程学院,Zhongkai University of Agriculture and Engineering,China
五邑大学,Wuyi University,China
广东金融学院,Guangdong University of Finance,China
电子科技大学中山学院,,China
广东石油化工学院,Guangdong University of Petrochemical Technology,China
东莞理工学院,Dongguan University of Technology,China
广东工业大学,Guangdong University of Technology,China
广东外语外贸大学,Guangdong University of Foreign Studies,China
佛山大学,,China
广东培正学院,,China
南方医科大学,Southern Medical University,China
广东东软学院,Neusoft Institute Guangdong,China
广州城市理工学院,,China
广州软件学院,,China
广州南方学院,,China
广东外语外贸大学南国商学院,,China
广州华商学院,,China
湛江科技学院,,China
华南农业大学珠江学院,"Zhujiang College, South China Agricultural University",China
广州理工学院,,China
北京师范大学珠海分校,,China
广州华立学院,,China
广州应用科技学院,,China
广州商学院,Guangzhou College of Commerce,China
北京理工大学珠海学院,"Beijing Institute of Technology, Zhuhai",China
珠海科技学院,Zhuhai College of Science and Technology,China
广州工商学院,Guangzhou College of Technology and Business,China
广州科技职业技术大学,,China
广东科技学院,Guangdong University of Science and Technology,China
广东理工学院,Guangdong Polytechnic College,China
广东工商职业技术大学,,China
东莞城市学院,,China
广州新华学院,,China
广东第二师范学院,,China
南方科技大学,Southern University of Science and Technology,China
深圳技术大学,Shenzhen Technology University,China
北京师范大学-香港浸会大学联合国际学院,BNU-HKBU United International College,China
香港科技大学（广州）,,China
香港中文大学（深圳）,"The Chinese University of Hong Kong, Shenzhen",China
深圳北理莫斯科大学,Shenzhen MSU-BIT University,China
广东以色列理工学院,Guangdong Technion-Israel Institute of Technology,China
香港城市大学（东莞）,,China
深圳职业技术大学,,China
深圳理工大学,,China
肇庆医学院,,China
广东轻工职业技术大学,,China
顺德职业技术大学,,China
广州职业技术大学,,China
深圳信息职业技术大学,,China
大湾区大学,,China
广东交通职业技术学院,,China
广东水利电力职业技术学院,,China
潮汕职业技术学院,,China
广东南华工商职业学院,,China
私立华联学院,,China
广州民航职业技术学院,,China
广东松山职业技术学院,,China
广东农工商职业技术学院,,China
广东新安职业技术学院,,China
佛山职业技术学院,,China
广东科学技术职业学院,,China
广东食品药品职业学院,,China
广州康大职业技术学院,,China
珠海艺术职业学院,,China
广东行政职业学院,,China
广东体育职业技术学院,,China
广东职业技术学院,,China
广东建设职业技术学院,,China
广东女子职业技术学院,,China
广东机电职业技术学院,,China
广东岭南职业技术学院,,China
汕尾职业技术学院,,China
罗定职业技术学院,,China
阳江职业技术学院,,China
河源职业技术学院,,China
广东邮电职业技术学院,,China
汕头职业技术学院,,China
揭阳职业技术学院,,China
清远职业技术学院,,China
广东工贸职业技术学院,,China
广东司法警官职业学院,,China
广东亚视演艺职业学院,,China
广东省外语艺术职业学院,,China
广东文艺职业学院,,China
广州体育职业技术学院,,China
广州工程技术职业学院,,China
中山火炬职业技术学院,,China
江门职业技术学院,,China
茂名职业技术学院,,China
珠海城市职业技术学院,,China
广州涉外经济职业技术学院,,China
广州南洋理工职业学院,,China
惠州经济职业技术学院,,China
广州现代信息工程职业技术学院,,China
广东理工职业学院,,China
广州华南商贸职业学院,,China
广州华立科技职业学院,,China
广州城市职业学院,,China
广东工程职业技术学院,,China
广州铁路职业技术学院,,China
广东科贸职业学院,,China
广州科技贸易职业学院,,China
中山职业技术学院,,China
广州珠江职业技术学院,,China
广州松田职业学院,,China
广东文理职业学院,,China
广州城建职业学院,,China
东莞职业技术学院,,China
广东南方职业学院,,China
广州华商职业学院,,China
广州华夏职业学院,,China
广东环境保护工程职业学院,,China
广东青年职业学院,,China
广州东华职业学院,,China
广东创新科技职业学院,,China
广东艺术职业学院,,China
惠州卫生职业技术学院,,China
广东信息工程职业学院,,China
广东生态工程职业学院,,China
惠州城市职业学院,,China
广东碧桂园职业学院,,China
广东茂名健康职业学院,,China
广东酒店管理职业技术学院,,China
广东茂名幼儿师范专科学校,,China
广州卫生职业技术学院,,China
惠州工程职业学院,,China
广东江门中医药职业学院,,China
广东茂名农林科技职业学院,,China
广东江门幼儿师范高等专科学校,,China
广东财贸职业学院,,China
广州幼儿师范高等专科学校,,China
广东汕头幼儿师范高等专科学校,,China
广东梅州职业技术学院,,China
广东潮州卫生健康职业学院,,China
广东云浮中医药职业学院,,China
广东肇庆航空职业学院,,China
湛江幼儿师范专科学校,,China
珠海格力职业学院,,China
深圳城市职业学院,,China
广西大学,Guangxi University,China
广西科技大学,Guangxi University of Science and Technology,China
桂林电子科技大学,Guilin University of Electronic Technology,China
桂林理工大学,,China
广西医科大学,Guangxi Medical University,China
右江民族医学院,Youjiang Medical University for Nationalities,China
广西中医药大学,Guangxi University of Chinese Medicine,China
桂林医科大学,,China
广西师范大学,Guangxi Normal University,China
南宁师范大学,Nanning Normal University,China
广西民族师范学院,Guangxi Normal University for Nationalities,China
河池学院,Hechi University,China
玉林师范学院,Yulin Normal University,China
广西艺术学院,Guangxi Arts University,China
广西民族大学,Guangxi University for Nationalities,China
百色学院,Baise University,China
梧州学院,Wuzhou University,China
广西科技师范学院,Guangxi Science and Technology Normal University,China
广西财经学院,Guangxi University of Finance and Economics,China
南宁学院,Nanning University,China
北部湾大学,Beibu Gulf University,China
桂林航天工业学院,Guilin University of Aerospace Technology,China
桂林旅游学院,Guilin Tourism University,China
贺州学院,Hezhou University,China
广西警察学院,Guangxi Police College,China
北海艺术设计学院,Beihai College of Art and Design,China
广西农业职业技术大学,,China
柳州工学院,,China
广西民族大学相思湖学院,,China
桂林学院,Guilin University,China
南宁师范大学师园学院,,China
广西中医药大学赛恩斯新医药学院,"Faculty of Chinese Medicine Science, Guangxi University of Chinese Medicine",China
桂林信息科技学院,,China
南宁理工学院,,China
广西外国语学院,Guangxi University of Foreign Languages,China
北京航空航天大学北海学院,,China
广西城市职业大学,,China
广西职业师范学院,,China
南宁职业技术大学,,China
柳州职业技术大学,,China
桂林师范学院,,China
桂林生命与健康职业技术学院,,China
广西机电职业技术学院,,China
广西体育高等专科学校,,China
广西水利电力职业技术学院,,China
广西职业技术学院,,China
广西生态工程职业技术学院,,China
广西交通职业技术学院,,China
广西工业职业技术学院,,China
广西国际商务职业技术学院,,China
柳州铁道职业技术学院,,China
广西建设职业技术学院,,China
广西现代职业技术学院,,China
北海职业学院,,China
桂林山水职业学院,,China
广西经贸职业技术学院,,China
广西工商职业技术学院,,China
广西演艺职业学院,,China
广西电力职业技术学院,,China
广西英华国际职业学院,,China
柳州城市职业学院,,China
百色职业学院,,China
广西工程职业学院,,China
广西理工职业技术学院,,China
梧州职业学院,,China
广西经济职业学院,,China
广西幼儿师范高等专科学校,,China
广西科技职业学院,,China
广西卫生职业技术学院,,China
广西培贤国际职业学院,,China
广西金融职业技术学院,,China
广西中远职业学院,,China
玉柴职业技术学院,,China
广西蓝天航空职业学院,,China
广西安全工程职业技术学院,,China
广西自然资源职业技术学院,,China
钦州幼儿师范高等专科学校,,China
梧州医学高等专科学校,,China
广西制造工程职业技术学院,,China
广西物流职业技术学院,,China
防城港职业技术学院,,China
广西信息职业技术学院,,China
广西农业工程职业技术学院,,China
北海康养职业学院,,China
崇左幼儿师范高等专科学校,,China
广西质量工程职业技术学院,,China
桂林信息工程职业学院,,China
玉林职业技术学院,,China
广西智能制造职业技术学院,,China
海南大学,Hainan University,China
海南热带海洋学院,Hainan Tropical Ocean University,China
海南师范大学,Hainan Normal University,China
海南医科大学,,China
海口经济学院,Haikou University of Economics,China
琼台师范学院,Qiongtai Normal University,China
三亚学院,University of Sanya,China
海南科技职业大学,,China
海南比勒费尔德应用科学大学,,China
海南警察学院,,China
海南洛桑旅游大学,,China
海南职业技术学院,,China
三亚城市职业学院,,China
海南软件职业技术学院,,China
海南政法职业学院,,China
海南外国语职业学院,,China
海南经贸职业技术学院,,China
海南工商职业学院,,China
三亚航空旅游职业学院,,China
三亚理工职业学院,,China
海南体育职业技术学院,,China
三亚中瑞酒店管理职业学院,,China
海南健康管理职业技术学院,,China
海南卫生健康职业学院,,China
海南东方新丝路职业学院,,China
海口旅游职业学院,,China
海南艺术职业学院,,China
三亚护理职业学院,,China
重庆大学,Chongqing University,China
重庆邮电大学,Chongqing University of Posts and Telecommunications,China
重庆交通大学,Chongqing Jiaotong University,China
重庆医科大学,Chongqing Medical University,China
西南大学,Southwest University,China
重庆师范大学,Chongqing Normal University,China
重庆文理学院,Chongqing University of Arts and Science,China
重庆三峡学院,Chongqing Three Gorges University,China
长江师范学院,,China
四川外国语大学,Sichuan International Studies University,China
西南政法大学,Southwest University of Political Science and Law,China
四川美术学院,Sichuan Fine Arts Institute,China
重庆科技大学,,China
重庆理工大学,Chongqing University of Technology,China
重庆工商大学,Chongqing Technology and Business University,China
重庆机电职业技术大学,,China
重庆工程学院,Chongqing Institute of Engineering,China
重庆城市科技学院,,China
重庆警察学院,Chongqing Police College,China
重庆人文科技学院,"Chongqing College of Humanities, Science and Technology",China
重庆外语外事学院,,China
重庆对外经贸学院,,China
重庆财经学院,,China
重庆工商大学派斯学院,"Pass College, Chongqing Technology and Business University",China
重庆移通学院,,China
重庆第二师范学院,Chongqing University of Education,China
重庆中医药学院,,China
重庆电子科技职业大学,,China
重庆工业职业技术大学,,China
重庆航天职业技术学院,,China
重庆电力高等专科学校,,China
重庆三峡职业学院,,China
重庆工贸职业技术学院,,China
重庆海联职业技术学院,,China
重庆信息技术职业学院,,China
重庆传媒职业学院,,China
重庆城市管理职业学院,,China
重庆工程职业技术学院,,China
重庆建筑科技职业学院,,China
重庆城市职业学院,,China
重庆水利电力职业技术学院,,China
重庆工商职业学院,,China
重庆应用技术职业学院,,China
重庆三峡医药高等专科学校,,China
重庆医药高等专科学校,,China
重庆青年职业技术学院,,China
重庆财经职业学院,,China
重庆科创职业学院,,China
重庆建筑工程职业学院,,China
重庆电讯职业学院,,China
重庆能源职业学院,,China
重庆商务职业学院,,China
重庆交通职业学院,,China
重庆化工职业学院,,China
重庆旅游职业学院,,China
重庆安全技术职业学院,,China
重庆公共运输职业学院,,China
重庆艺术工程职业学院,,China
重庆轻工职业学院,,China
重庆电信职业学院,,China
重庆经贸职业学院,,China
重庆幼儿师范高等专科学校,,China
重庆文化艺术职业学院,,China
重庆科技职业学院,,China
重庆资源与环境保护职业学院,,China
重庆护理职业学院,,China
重庆理工职业学院,,China
重庆智能工程职业学院,,China
重庆健康职业学院,,China
重庆工信职业学院,,China
重庆五一职业技术学院,,China
重庆数字产业职业技术学院,,China
重庆现代制造职业学院,,China
重庆农业职业学院,,China
重庆安防职业学院,,China
四川大学,Sichuan University,China
西南交通大学,Southwest Jiaotong University,China
电子科技大学,University of Electronic Science and Technology of China,China
西南石油大学,Southwest Petroleum University,China
成都理工大学,Chengdu University of Technology,China
西南科技大学,,China
成都信息工程大学,Chengdu University of Information Technology,China
四川轻化工大学,,China
西华大学,Xihua University,China
中国民用航空飞行学院,Civil Aviation Flight University of China,China
四川农业大学,Sichuan Agricultural University,China
西昌学院,,China
西南医科大学,Southwest Medical University,China
成都中医药大学,Chengdu University of Traditional Chinese Medicine,China
川北医学院,North Sichuan Medical College,China
四川师范大学,Sichuan Normal University,China
西华师范大学,China West Normal University,China
绵阳师范学院,,China
内江师范学院,,China
宜宾学院,Yibin University,China
四川文理学院,,China
阿坝师范学院,Aba Teachers University,China
乐山师范学院,,China
西南财经大学,Southwestern University of Finance and Economics,China
成都体育学院,,China
四川音乐学院,,China
西南民族大学,Southwest University for Nationalities,China
成都大学,,China
成都工业学院,Chengdu Industrial Institute,China
攀枝花学院,,China
四川旅游学院,,China
四川民族学院,,China
四川警察学院,,China
成都东软学院,Chengdu Neusoft University,China
成都艺术职业大学,,China
电子科技大学成都学院,Chengdu College of University of Electronic Science and Technology of China,China
成都理工大学工程技术学院,The Engineering & Technical College of Chengdu University of Technology,China
四川传媒学院,Sichuan University of Media and Communications,China
成都银杏酒店管理学院,Gingko Hospitality Management College,China
成都文理学院,Chengdu College of Arts and Sciences,China
四川工商学院,Sichuan Technology and Business University,China
成都外国语学院,,China
成都医学院,,China
四川工业科技学院,Sichuan Institute of Industrial Science and technology,China
成都锦城学院,Chengdu Jincheng College,China
西南财经大学天府学院,Tianfu College of Southwestern University of Finance and Economics,China
四川大学锦江学院,Sichuan University Jinjiang College,China
四川文化艺术学院,Sichuan University of Culture and Arts,China
绵阳城市学院,,China
西南交通大学希望学院,Southwest Jiaotong University Hope College,China
成都师范学院,Chengdu Normal University,China
四川电影电视学院,Sichuan Film and Television University,China
吉利学院,Geely University of China,China
四川工程职业技术大学,,China
成都航空职业技术大学,,China
成都纺织高等专科学校,,China
民办四川天一学院,,China
四川电力职业技术学院,,China
成都职业技术学院,,China
四川化工职业技术学院,,China
四川水利职业技术学院,,China
南充职业技术学院,,China
内江职业技术学院,,China
四川航天职业技术学院,,China
四川邮电职业技术学院,,China
四川机电职业技术学院,,China
绵阳职业技术学院,,China
四川交通职业技术学院,,China
四川工商职业技术学院,,China
四川建筑职业技术学院,,China
达州职业技术学院,,China
四川托普信息技术职业学院,,China
四川国际标榜职业学院,,China
成都农业科技职业学院,,China
宜宾职业技术学院,,China
泸州职业技术学院,,China
眉山职业技术学院,,China
四川职业技术学院,,China
乐山职业技术学院,,China
雅安职业技术学院,,China
四川商务职业学院,,China
四川司法警官职业学院,,China
广安职业技术学院,,China
四川信息职业技术学院,,China
四川文化传媒职业学院,,China
四川华新现代职业学院,,China
四川铁道职业学院,,China
四川艺术职业学院,,China
四川中医药高等专科学校,,China
四川科技职业学院,,China
四川文化产业职业学院,,China
四川财经职业学院,,China
四川城市职业学院,,China
四川现代职业学院,,China
四川幼儿师范高等专科学校,,China
四川长江职业学院,,China
四川三河职业学院,,China
川北幼儿师范高等专科学校,,China
四川卫生康复职业学院,,China
四川汽车职业技术学院,,China
巴中职业技术学院,,China
四川希望汽车职业学院,,China
四川电子机械职业技术学院,,China
四川文轩职业学院,,China
川南幼儿师范高等专科学校,,China
四川护理职业学院,,China
成都工业职业技术学院,,China
四川西南航空职业学院,,China
成都工贸职业技术学院,,China
四川应用技术职业学院,,China
西昌民族幼儿师范高等专科学校,,China
眉山药科职业学院,,China
天府新区信息职业学院,,China
德阳城市轨道交通职业学院,,China
德阳科贸职业学院,,China
江阳城建职业学院,,China
天府新区航空旅游职业学院,,China
天府新区通用航空职业学院,,China
阿坝职业学院,,China
达州中医药职业学院,,China
内江卫生与健康职业学院,,China
南充科技职业学院,,China
攀枝花攀西职业学院,,China
资阳口腔职业学院,,China
资阳环境科技职业学院,,China
南充文化旅游职业学院,,China
南充电影工业职业学院,,China
绵阳飞行职业学院,,China
德阳农业科技职业学院,,China
泸州医疗器械职业学院,,China
甘孜职业学院,,China
自贡职业技术学院,,China
广元中核职业技术学院,,China
四川体育职业学院,,China
遂宁能源职业学院,,China
遂宁工程职业学院,,China
遂宁职业学院,,China
西昌医学高等专科学校,,China
成都轨道交通职业学院,,China
宜宾工业职业技术学院,,China
宜宾医药健康职业学院,,China
贵州大学,Guizhou University,China
贵州医科大学,Guizhou Medical University,China
遵义医科大学,,China
贵州中医药大学,,China
贵州师范大学,Guizhou Normal University,China
遵义师范学院,Zunyi Normal University,China
铜仁学院,Tongren University,China
兴义民族师范学院,Xingyi Normal University for Nationalities,China
安顺学院,Anshun University,China
贵州工程应用技术学院,Guizhou University of Engineering Science,China
凯里学院,Kaili University,China
黔南民族师范学院,Qiannan Normal College for Nationalities,China
贵州财经大学,Guizhou University of Finance and Economics,China
贵州民族大学,Guizhou Minzu University,China
贵阳学院,Guiyang University,China
六盘水师范学院,Liupanshui Normal University,China
贵州商学院,Guizhou University of Commerce,China
贵州警察学院,Guizhou Police College,China
贵州中医药大学时珍学院,,China
贵州黔南经济学院,,China
贵州黔南科技学院,,China
贵阳信息科技学院,,China
贵阳人文科技学院,,China
贵阳康养职业大学,,China
遵义医科大学医学与科技学院,,China
贵州医科大学神奇民族医药学院,"Shenqi Ethnic Medical College, Guizhou Medical University",China
贵州师范学院,Guizhou Normal College,China
贵州理工学院,Guizhou Institute of Technology,China
茅台学院,Moutai University,China
贵州交通职业大学,,China
铜仁职业技术大学,,China
贵州轻工职业大学,,China
黔南民族医学高等专科学校,,China
贵州航天职业技术学院,,China
贵州电子信息职业技术学院,,China
安顺职业技术学院,,China
黔东南民族职业技术学院,,China
黔南民族职业技术学院,,China
遵义职业技术学院,,China
贵州城市职业学院,,China
贵州工业职业技术学院,,China
贵州电力职业技术学院,,China
六盘水职业技术学院,,China
黔西南民族职业技术学院,,China
遵义医药高等专科学校,,China
贵阳职业技术学院,,China
毕节职业技术学院,,China
贵州职业技术学院,,China
贵州盛华职业学院,,China
贵州工商职业学院,,China
贵阳幼儿师范高等专科学校,,China
铜仁幼儿师范高等专科学校,,China
黔南民族幼儿师范高等专科学校,,China
毕节医学高等专科学校,,China
贵州建设职业技术学院,,China
毕节幼儿师范高等专科学校,,China
贵州农业职业学院,,China
贵州工程职业学院,,China
贵州工贸职业学院,,China
贵州水利水电职业技术学院,,China
贵州电子商务职业技术学院,,China
贵州应用技术职业学院,,China
贵州电子科技职业学院,,China
贵州装备制造职业学院,,China
贵州健康职业学院,,China
贵州食品工程职业学院,,China
贵州经贸职业技术学院,,China
贵州护理职业技术学院,,China
六盘水幼儿师范高等专科学校,,China
毕节工业职业技术学院,,China
贵州机电职业技术学院,,China
贵州财经职业学院,,China
贵州民用航空职业学院,,China
贵州文化旅游职业学院,,China
贵州航空职业技术学院,,China
贵州体育职业学院,,China
贵州铜仁数据职业学院,,China
贵州传媒职业学院,,China
贵州生态能源职业学院,,China
黔东南理工职业学院,,China
云南大学,Yunnan University,China
昆明理工大学,Kunming University of Science and Technology,China
云南农业大学,Yunnan Agricultural University,China
西南林业大学,Southwest Forestry University,China
昆明医科大学,Kunming Medical University,China
大理大学,Dali University,China
云南中医药大学,,China
云南师范大学,Yunnan Normal University,China
昭通学院,Zhaotong University,China
曲靖师范学院,Qujing Normal University,China
普洱学院,Pu'er University,China
保山学院,Baoshan University,China
红河学院,Honghe University,China
云南财经大学,Yunnan University of Finance and Economics,China
云南艺术学院,,China
云南民族大学,Yunnan Minzu University,China
玉溪师范学院,,China
楚雄师范学院,Chuxiong Normal University,China
云南警官学院,Yunnan Police College,China
昆明学院,Kunming University,China
文山学院,Wenshan University,China
云南经济管理学院,,China
滇池学院,,China
丽江文化旅游学院,,China
昆明理工大学津桥学院,,China
昆明城市学院,,China
昆明文理学院,,China
昆明医科大学海源学院,,China
昆明传媒学院,,China
云南工商学院,,China
滇西科技师范学院,,China
滇西应用技术大学,,China
丽江师范学院,,China
德宏师范学院,,China
曲靖健康医学院,,China
昆明冶金高等专科学校,,China
云南国土资源职业学院,,China
云南交通职业技术学院,,China
昆明工业职业技术学院,,China
云南农业职业技术学院,,China
云南司法警官职业学院,,China
云南文化艺术职业学院,,China
云南体育运动职业技术学院,,China
云南科技信息职业学院,,China
西双版纳职业技术学院,,China
昆明艺术职业学院,,China
玉溪农业职业技术学院,,China
云南能源职业技术学院,,China
云南国防工业职业技术学院,,China
云南机电职业技术学院,,China
云南林业职业技术学院,,China
云南城市建设职业学院,,China
云南工程职业学院,,China
楚雄医药高等专科学校,,China
保山中医药高等专科学校,,China
云南新兴职业学院,,China
云南锡业职业技术学院,,China
云南经贸外事职业学院,,China
云南三鑫职业技术学院,,China
德宏职业学院,,China
云南商务职业学院,,China
昆明卫生职业学院,,China
云南现代职业技术学院,,China
云南旅游职业学院,,China
红河卫生职业学院,,China
云南外事外语职业学院,,China
大理农林职业技术学院,,China
公安消防部队高等专科学校,,China
云南财经职业学院,,China
昆明铁道职业技术学院,,China
昭通卫生职业学院,,China
大理护理职业学院,,China
云南水利水电职业学院,,China
云南轻纺职业学院,,China
云南特殊教育职业学院,,China
云南工贸职业技术学院,,China
云南交通运输职业学院,,China
昆明幼儿师范高等专科学校,,China
云南医药健康职业学院,,China
云南理工职业学院,,China
曲靖职业技术学院,,China
红河职业技术学院,,China
玉溪职业技术学院,,China
保山职业学院,,China
昭通职业学院,,China
文山职业技术学院,,China
丽江职业技术学院,,China
香格里拉职业学院,,China
怒江职业技术学院,,China
临沧职业学院,,China
云南工业信息职业学院,,China
昆明航空职业学院,,China
西藏农牧大学,,China
西藏大学,Tibet University,China
西藏民族大学,,China
西藏藏医药大学,,China
西藏警官高等专科学校,Tibet Police Officers Institute,China
拉萨师范学院,,China
西藏职业技术学院,Tibet Vocational Technical College,China
日喀则职业技术学院,,China
西北大学,Northwest University  Ω,China
西安交通大学,,China
西北工业大学,,China
西安理工大学,Xi'an University of Technology,China
西安电子科技大学,,China
西安工业大学,Xi'an Technological University,China
西安建筑科技大学,Xi'an University of Architecture and Technology,China
西安科技大学,Xi'an University of Science and Technology,China
西安石油大学,Xi'an Shiyou University,China
陕西科技大学,Shaanxi University of Science & Technology Ω,China
西安工程大学,Xi'an Polytechnic University,China
长安大学,,China
西北农林科技大学,,China
陕西中医药大学,Shaanxi University of Chinese Medicine,China
陕西师范大学,,China
延安大学,Yan'an University,China
陕西理工大学,Shaanxi University of Technology,China
宝鸡文理学院,Baoji University of Arts and Sciences,China
咸阳师范学院,Xianyang Normal University,China
渭南师范学院,Weinan Normal University,China
西安外国语大学,Xi'an International Studies University,China
西北政法大学,Northwest University of Politics and Law,China
西安体育学院,Xi'an Physical Education University,China
西安音乐学院,Xi'an Conservatory of Music,China
西安美术学院,Xi'an Academy of Fine Arts,China
西安文理学院,Xi'an Institute of Arts and Science,China
榆林学院,Yulin University,China
商洛学院,Shangluo University,China
安康学院,Ankang University,China
西安培华学院,Xi'an Peihua University,China
西安财经大学,,China
西安邮电大学,Xi'an University of Posts & Telecommunications,China
西安航空学院,,China
西安医学院,Xi'an Medical University,China
西安欧亚学院,Xi'an Eurasia University,China
西安外事学院,Xi'an International University,China
西安翻译学院,Xi'an Fanyi University,China
西京学院,Xijing University,China
西安思源学院,Xi'an Siyuan University,China
陕西国际商贸学院,,China
陕西服装工程学院,,China
西安交通工程学院,,China
西安交通大学城市学院,,China
西北大学现代学院,,China
西安建筑科技大学华清学院,,China
西安财经大学行知学院,,China
陕西科技大学镐京学院,,China
西安工商学院,,China
延安大学西安创新学院,,China
西安电子科技大学长安学院,,China
西安汽车职业大学,,China
西安明德理工学院,,China
西安信息职业大学,,China
长安大学兴华学院,,China
西安理工大学高科学院,,China
西安科技大学高新学院,,China
陕西学前师范学院,,China
陕西警察学院,,China
陕西农林职业技术大学,,China
陕西工业职业技术大学,,China
西安戏剧学院,,China
西安电力高等专科学校,,China
陕西能源职业技术学院,,China
陕西国防工业职业技术学院,,China
西安航空职业技术学院,,China
陕西财经职业技术学院,,China
陕西交通职业技术学院,,China
陕西职业技术学院,,China
西安高新科技职业学院,,China
西安城市建设职业学院,,China
陕西铁路工程职业技术学院,,China
宝鸡职业技术学院,,China
陕西航空职业技术学院,,China
陕西电子信息职业技术学院,,China
陕西邮电职业技术学院,,China
西安海棠职业学院,,China
西安健康工程职业学院,,China
陕西经济管理职业技术学院,,China
西安铁路职业技术学院,,China
咸阳职业技术学院,,China
西安职业技术学院,,China
商洛职业技术学院,,China
汉中职业技术学院,,China
延安职业技术学院,,China
渭南职业技术学院,,China
安康职业技术学院,,China
铜川职业技术学院,,China
陕西青年职业学院,,China
陕西工商职业学院,,China
陕西旅游烹饪职业学院,,China
西安医学高等专科学校,,China
榆林职业技术学院,,China
陕西艺术职业学院,,China
神木职业技术学院,,China
宝鸡三和职业学院,,China
榆林能源科技职业学院,,China
宝鸡中北职业学院,,China
陕西机电职业技术学院,,China
兰州大学,,China
兰州理工大学,,China
兰州交通大学,,China
甘肃农业大学,,China
甘肃中医药大学,Gansu University of Traditional Chinese Medicine [zh],China
西北师范大学,,China
兰州城市学院,,China
陇东学院,,China
天水师范大学,,China
河西学院,,China
兰州财经大学,,China
西北民族大学,,China
甘肃政法大学,,China
甘肃民族师范学院,,China
兰州文理学院,,China
甘肃医学院,,China
兰州工业学院,Lanzhou Institute of Technology [zh],China
兰州石化职业技术大学,,China
兰州工商学院,,China
兰州资源环境职业技术大学,,China
兰州博文科技学院,,China
兰州信息科技学院,,China
陇南师范学院,,China
甘肃警察学院,,China
甘肃林业职业技术大学,,China
酒泉职业技术大学,,China
甘肃工业职业技术大学,,China
武威职业技术大学,,China
定西师范高等专科学校,,China
甘肃建筑职业技术学院,,China
兰州外语职业学院,,China
兰州职业技术学院,,China
甘肃交通职业技术学院,,China
甘肃农业职业技术学院,,China
甘肃畜牧工程职业技术学院,,China
甘肃钢铁职业技术学院,,China
甘肃有色冶金职业技术学院,,China
白银矿冶职业技术学院,,China
甘肃卫生职业学院,,China
兰州科技职业学院,,China
庆阳职业技术学院,,China
临夏现代职业学院,,China
兰州现代职业学院,,China
平凉职业技术学院,,China
培黎职业学院,,China
兰州航空职业技术学院,,China
白银希望职业技术学院,,China
甘肃财贸职业学院,,China
定西职业技术学院,,China
青海大学,Qinghai University,China
青海师范大学,Qinghai Normal University,China
青海民族大学,Qinghai Nationalities University,China
青海大学昆仑学院,"Kunlun College, Qinghai University",China
青海理工学院,,China
青海职业技术大学,,China
青海卫生职业技术学院,,China
青海警官职业学院,,China
青海农牧科技职业学院,,China
青海建筑职业技术学院,,China
西宁城市职业技术学院,,China
青海高等职业技术学院,,China
青海柴达木职业技术学院,,China
宁夏大学,Ningxia University,China
宁夏医科大学,Ningxia Medical University,China
宁夏师范大学,,China
北方民族大学,North Minzu University,China
宁夏理工学院,Ningxia Institute of Science and Technology,China
宁夏大学新华学院,"Xinhua College, Ningxia University",China
银川能源学院,Yinchuan Energy Institute,China
银川科技学院,,China
宁夏职业技术大学,,China
宁夏工商职业技术大学,,China
宁夏民族职业技术学院,,China
宁夏工业职业学院,,China
宁夏财经职业技术学院,,China
宁夏警官职业学院,,China
宁夏建设职业技术学院,,China
宁夏葡萄酒与防沙治沙职业技术学院,,China
宁夏幼儿师范高等专科学校,,China
宁夏艺术职业学院,,China
宁夏体育职业学院,,China
石嘴山工贸职业技术学院,,China
宁夏卫生健康职业技术学院,,China
宁夏交通职业技术学院,,China
新疆大学,Xinjiang University,China
塔里木大学,Tarim University,China
新疆农业大学,Xinjiang Agricultural University,China
石河子大学,Shihezi University,China
新疆医科大学,Xinjiang Medical University,China
新疆师范大学,Xinjiang Normal University,China
喀什大学,Kashgar University,China
伊犁师范大学,,China
新疆财经大学,Xinjiang University of Finance and Economics,China
新疆艺术学院,Xinjiang Arts Institute,China
新疆工程学院,Xinjiang Institute of Engineering,China
昌吉学院,Changji University,China
新疆警察学院,,China
新疆理工学院,,China
新疆农业大学科学技术学院,,China
新疆第二医学院,,China
新疆科技学院,,China
新疆政法学院,,China
新疆天山职业技术大学,,China
新疆和田学院,,China
新疆农业职业技术大学,,China
新疆工业学院,,China
乌鲁木齐职业大学,,China
新疆交通职业技术大学,,China
塔里木理工学院,,China
新疆理工职业大学,,China
克拉玛依职业技术学院,,China
新疆机电职业技术学院,,China
新疆轻工职业技术学院,,China
新疆能源职业技术学院,,China
昌吉职业技术学院,,China
伊犁职业技术学院,,China
阿克苏职业技术学院,,China
巴音郭楞职业技术学院,,China
新疆建设职业技术学院,,China
新疆现代职业技术学院,,China
新疆石河子职业技术学院,,China
新疆职业大学,,China
新疆体育职业技术学院,,China
新疆应用职业技术学院,,China
新疆师范高等专科学校,,China
新疆铁道职业技术学院,,China
新疆生产建设兵团兴新职业技术学院,,China
哈密职业技术学院,,China
新疆科技职业技术学院,,China
吐鲁番职业技术学院,,China
博尔塔拉职业技术学院,,China
和田职业技术学院,,China
石河子工程职业技术学院,,China
喀什职业技术学院,,China
克孜勒苏职业技术学院,,China
新疆科信职业技术学院,,China
阿勒泰职业技术学院,,China
塔城职业技术学院,,China
塔里木职业技术学院,,China
新疆工业职业技术学院,,China
铁门关职业技术学院,,China
新疆司法警官职业学院,,China
阿克苏工业职业技术学院,,China
喀什理工职业技术学院,,China
图木舒克职业技术学院,,China
可克达拉职业技术学院,,China
新星职业技术学院,,China
昆玉职业技术学院,,China
乌鲁木齐职业技术学院,,China
双河职业技术学院,,China
阜康职业技术学院,,China
香港大学,University of Hong Kong,China
香港中文大学,Chinese University of Hong Kong,China
香港科技大学,Hong Kong University of Science and Technology,China
香港理工大学,Hong Kong Polytechnic University,China
香港城市大学,City University of Hong Kong,China
香港浸会大学,Hong Kong Baptist University,China
香港都会大学,Hong Kong Metropolitan University,China
岭南大学,Lingnan University,China
香港树仁大学,Hong Kong Shue Yan University,China
香港教育大学,Education University of Hong Kong,China
香港恒生大学,Hang Seng University of Hong Kong,China
圣方济各大学,Saint Francis University,China
明德学院,Centennial College,China
珠海学院,Chu Hai College of Higher Education,China
宏恩基督教学院,Gratia Christian College,China
港专学院,HKCT Institute of Higher Education,China
香港能仁专上学院,Hong Kong Nang Yan College of Higher Education,China
香港高等科技教育学院,Technological and Higher Education Institute of Hong Kong,China
东华学院,Tung Wah College,China
香港伍伦贡学院,UOW College Hong Kong,China
耀中幼教学院,Yew Chung College of Early Childhood Education,China
香港演艺学院,The Hong Kong Academy for Performing Arts,China
香港专业教育学院,Hong Kong Institute of Vocational Education,China
香港管理专业协会,Hong Kong Management Association (,China
澳门大学,University of Macau,China
澳门理工大学,Macao Polytechnic University,China
澳门旅游大学,Macao University of Tourism,China
澳门保安部队高等学校,Academy of Public Security Forces,China
澳门科技大学,Macau University of Science and Technology,China
澳门城市大学,City University of Macau,China
圣若瑟大学,University of Saint Joseph,China
澳门镜湖护理学院,Kiang Wu Nursing College of Macau,China
澳门管理学院,Macau Institute of Management,China
中西创新学院,Macau Millennium College,China
澳门欧洲研究学会,Institute of European Studies of Macau,China
联合国大学国际软件技术研究所,United Nations University Institute in Macao,China
澳门圣经学院,Macau Bible Institute,China
真理大学,Aletheia University,China
亚洲大学,Asia University,China
长庚大学,Chang Gung University,China
长荣大学,Chang Jung Christian University,China
中国医药大学,China Medical University,China
中国文化大学,Chinese Culture University,China
中华大学,Chung Hua University,China
中山医学大学,Chung Shan Medical University,China
中原大学,Chung Yuan Christian University,China
中信金融管理学院,CTBC Business School,China
大叶大学,Dayeh University,China
逢甲大学,Feng Chia University,China
佛光大学,Fo Guang University,China
辅仁大学,Fu Jen Catholic University,China
玄奘大学,Hsuan Chuang University,China
华梵大学,Huafan University,China
义守大学,I-Shou University,China
开南大学,Kainan University,China
高雄医学大学,Kaohsiung Medical University,China
马偕医学院,Mackay Medical College,China
铭传大学,Ming Chuan University,China
南华大学,Nanhua University,China
静宜大学,Providence University,China
实践大学,Shih Chien University,China
世新大学,Shih Hsin University,China
东吴大学,Soochow University,China
台北医学大学,Taipei Medical University,China
淡江大学,Tamkang University,China
大同大学,Tatung University,China
东海大学,Tunghai University,China
慈济大学,Tzu Chi University,China
康宁大学,University of Kang Ning,China
元智大学,Yuan Ze University,China
空军航空技术学院,Air Force Institute of Technology,China
陆军专科学校,Army Academy R.O.C.,China
中央警察大学,Central Police University,China
国防医学院,National Defense Medical Center,China
国防大学,National Defense University,China
中华民国空军军官学校,Republic of China Air Force Academy,China
中华民国陆军军官学校,Republic of China Military Academy,China
中华民国海军军官学校,Republic of China Naval Academy,China
台湾警察专科学校,Taiwan Police College,China
